event_id,entity_type,entity_id,from_state,to_state,at,actor,process_id,synthetic
EV-H001-00,work_orders,WO-H001,initial,received,2026-09-20T17:00:00Z,Operador demo,PROC-H001,1
EV-H001-01,work_orders,WO-H001,received,inspected,2026-09-20T18:08:34.285714Z,Operador demo,PROC-H001,1
EV-H001-02,work_orders,WO-H001,inspected,authorized,2026-09-20T19:17:08.571429Z,Operador demo,PROC-H001,1
EV-H001-03,work_orders,WO-H001,authorized,scheduled,2026-09-20T20:25:42.857143Z,Operador demo,PROC-H001,1
EV-H001-04,work_orders,WO-H001,scheduled,in_service,2026-09-20T21:34:17.142857Z,Operador demo,PROC-H001,1
EV-H001-05,work_orders,WO-H001,in_service,quality_check,2026-09-20T22:42:51.428571Z,Operador demo,PROC-H001,1
EV-H001-06,work_orders,WO-H001,quality_check,ready,2026-09-20T23:51:25.714286Z,Operador demo,PROC-H001,1
EV-H001-07,work_orders,WO-H001,ready,delivered,2026-09-21T01:00:00Z,Operador demo,PROC-H001,1
EV-H002-00,work_orders,WO-H002,initial,received,2026-09-20T04:00:00Z,Operador demo,PROC-H002,1
EV-H002-01,work_orders,WO-H002,received,inspected,2026-09-20T05:25:42.857143Z,Operador demo,PROC-H002,1
EV-H002-02,work_orders,WO-H002,inspected,authorized,2026-09-20T06:51:25.714286Z,Operador demo,PROC-H002,1
EV-H002-03,work_orders,WO-H002,authorized,scheduled,2026-09-20T08:17:08.571429Z,Operador demo,PROC-H002,1
EV-H002-04,work_orders,WO-H002,scheduled,in_service,2026-09-20T09:42:51.428571Z,Operador demo,PROC-H002,1
EV-H002-05,work_orders,WO-H002,in_service,quality_check,2026-09-20T11:08:34.285714Z,Operador demo,PROC-H002,1
EV-H002-06,work_orders,WO-H002,quality_check,ready,2026-09-20T12:34:17.142857Z,Operador demo,PROC-H002,1
EV-H002-07,work_orders,WO-H002,ready,delivered,2026-09-20T14:00:00Z,Operador demo,PROC-H002,1
EV-H003-00,work_orders,WO-H003,initial,received,2026-09-19T15:00:00Z,Operador demo,PROC-H003,1
EV-H003-01,work_orders,WO-H003,received,inspected,2026-09-19T16:42:51.428571Z,Operador demo,PROC-H003,1
EV-H003-02,work_orders,WO-H003,inspected,authorized,2026-09-19T18:25:42.857143Z,Operador demo,PROC-H003,1
EV-H003-03,work_orders,WO-H003,authorized,scheduled,2026-09-19T20:08:34.285714Z,Operador demo,PROC-H003,1
EV-H003-04,work_orders,WO-H003,scheduled,in_service,2026-09-19T21:51:25.714286Z,Operador demo,PROC-H003,1
EV-H003-05,work_orders,WO-H003,in_service,quality_check,2026-09-19T23:34:17.142857Z,Operador demo,PROC-H003,1
EV-H003-06,work_orders,WO-H003,quality_check,ready,2026-09-20T01:17:08.571429Z,Operador demo,PROC-H003,1
EV-H003-07,work_orders,WO-H003,ready,delivered,2026-09-20T03:00:00Z,Operador demo,PROC-H003,1
EV-H004-00,work_orders,WO-H004,initial,received,2026-09-19T02:00:00Z,Operador demo,PROC-H004,1
EV-H004-01,work_orders,WO-H004,received,inspected,2026-09-19T04:00:00Z,Operador demo,PROC-H004,1
EV-H004-02,work_orders,WO-H004,inspected,authorized,2026-09-19T06:00:00Z,Operador demo,PROC-H004,1
EV-H004-03,work_orders,WO-H004,authorized,scheduled,2026-09-19T08:00:00Z,Operador demo,PROC-H004,1
EV-H004-04,work_orders,WO-H004,scheduled,in_service,2026-09-19T10:00:00Z,Operador demo,PROC-H004,1
EV-H004-05,work_orders,WO-H004,in_service,quality_check,2026-09-19T12:00:00Z,Operador demo,PROC-H004,1
EV-H004-06,work_orders,WO-H004,quality_check,ready,2026-09-19T14:00:00Z,Operador demo,PROC-H004,1
EV-H004-07,work_orders,WO-H004,ready,delivered,2026-09-19T16:00:00Z,Operador demo,PROC-H004,1
EV-H005-00,work_orders,WO-H005,initial,received,2026-09-18T13:00:00Z,Operador demo,PROC-H005,1
EV-H005-01,work_orders,WO-H005,received,inspected,2026-09-18T15:17:08.571429Z,Operador demo,PROC-H005,1
EV-H005-02,work_orders,WO-H005,inspected,authorized,2026-09-18T17:34:17.142857Z,Operador demo,PROC-H005,1
EV-H005-03,work_orders,WO-H005,authorized,scheduled,2026-09-18T19:51:25.714286Z,Operador demo,PROC-H005,1
EV-H005-04,work_orders,WO-H005,scheduled,in_service,2026-09-18T22:08:34.285714Z,Operador demo,PROC-H005,1
EV-H005-05,work_orders,WO-H005,in_service,quality_check,2026-09-19T00:25:42.857143Z,Operador demo,PROC-H005,1
EV-H005-06,work_orders,WO-H005,quality_check,ready,2026-09-19T02:42:51.428571Z,Operador demo,PROC-H005,1
EV-H005-07,work_orders,WO-H005,ready,delivered,2026-09-19T05:00:00Z,Operador demo,PROC-H005,1
EV-H006-00,work_orders,WO-H006,initial,received,2026-09-18T00:00:00Z,Operador demo,PROC-H006,1
EV-H006-01,work_orders,WO-H006,received,inspected,2026-09-18T02:34:17.142857Z,Operador demo,PROC-H006,1
EV-H006-02,work_orders,WO-H006,inspected,authorized,2026-09-18T05:08:34.285714Z,Operador demo,PROC-H006,1
EV-H006-03,work_orders,WO-H006,authorized,scheduled,2026-09-18T07:42:51.428571Z,Operador demo,PROC-H006,1
EV-H006-04,work_orders,WO-H006,scheduled,in_service,2026-09-18T10:17:08.571429Z,Operador demo,PROC-H006,1
EV-H006-05,work_orders,WO-H006,in_service,quality_check,2026-09-18T12:51:25.714286Z,Operador demo,PROC-H006,1
EV-H006-06,work_orders,WO-H006,quality_check,ready,2026-09-18T15:25:42.857143Z,Operador demo,PROC-H006,1
EV-H006-07,work_orders,WO-H006,ready,delivered,2026-09-18T18:00:00Z,Operador demo,PROC-H006,1
EV-H007-00,work_orders,WO-H007,initial,received,2026-09-17T11:00:00Z,Operador demo,PROC-H007,1
EV-H007-01,work_orders,WO-H007,received,inspected,2026-09-17T11:51:25.714286Z,Operador demo,PROC-H007,1
EV-H007-02,work_orders,WO-H007,inspected,authorized,2026-09-17T12:42:51.428571Z,Operador demo,PROC-H007,1
EV-H007-03,work_orders,WO-H007,authorized,scheduled,2026-09-17T13:34:17.142857Z,Operador demo,PROC-H007,1
EV-H007-04,work_orders,WO-H007,scheduled,in_service,2026-09-17T14:25:42.857143Z,Operador demo,PROC-H007,1
EV-H007-05,work_orders,WO-H007,in_service,quality_check,2026-09-17T15:17:08.571429Z,Operador demo,PROC-H007,1
EV-H007-06,work_orders,WO-H007,quality_check,ready,2026-09-17T16:08:34.285714Z,Operador demo,PROC-H007,1
EV-H007-07,work_orders,WO-H007,ready,delivered,2026-09-17T17:00:00Z,Operador demo,PROC-H007,1
EV-H008-00,work_orders,WO-H008,initial,received,2026-09-16T22:00:00Z,Operador demo,PROC-H008,1
EV-H008-01,work_orders,WO-H008,received,inspected,2026-09-16T23:08:34.285714Z,Operador demo,PROC-H008,1
EV-H008-02,work_orders,WO-H008,inspected,authorized,2026-09-17T00:17:08.571429Z,Operador demo,PROC-H008,1
EV-H008-03,work_orders,WO-H008,authorized,scheduled,2026-09-17T01:25:42.857143Z,Operador demo,PROC-H008,1
EV-H008-04,work_orders,WO-H008,scheduled,in_service,2026-09-17T02:34:17.142857Z,Operador demo,PROC-H008,1
EV-H008-05,work_orders,WO-H008,in_service,quality_check,2026-09-17T03:42:51.428571Z,Operador demo,PROC-H008,1
EV-H008-06,work_orders,WO-H008,quality_check,ready,2026-09-17T04:51:25.714286Z,Operador demo,PROC-H008,1
EV-H008-07,work_orders,WO-H008,ready,delivered,2026-09-17T06:00:00Z,Operador demo,PROC-H008,1
EV-H009-00,work_orders,WO-H009,initial,received,2026-09-16T09:00:00Z,Operador demo,PROC-H009,1
EV-H009-01,work_orders,WO-H009,received,inspected,2026-09-16T18:00:00Z,Operador demo,PROC-H009,1
EV-H009-02,work_orders,WO-H009,inspected,authorized,2026-09-17T03:00:00Z,Operador demo,PROC-H009,1
EV-H009-03,work_orders,WO-H009,authorized,scheduled,2026-09-17T12:00:00Z,Operador demo,PROC-H009,1
EV-H009-04,work_orders,WO-H009,scheduled,in_service,2026-09-17T21:00:00Z,Operador demo,PROC-H009,1
EV-H009-05,work_orders,WO-H009,in_service,quality_check,2026-09-18T06:00:00Z,Operador demo,PROC-H009,1
EV-H009-06,work_orders,WO-H009,quality_check,ready,2026-09-18T15:00:00Z,Operador demo,PROC-H009,1
EV-H009-07,work_orders,WO-H009,ready,delivered,2026-09-19T00:00:00Z,Operador demo,PROC-H009,1
EV-H010-00,work_orders,WO-H010,initial,received,2026-09-15T20:00:00Z,Operador demo,PROC-H010,1
EV-H010-01,work_orders,WO-H010,received,inspected,2026-09-15T21:05:27.272727Z,Operador demo,PROC-H010,1
EV-H010-02,work_orders,WO-H010,inspected,authorized,2026-09-15T22:10:54.545455Z,Operador demo,PROC-H010,1
EV-H010-03,work_orders,WO-H010,authorized,waiting_parts,2026-09-15T23:16:21.818182Z,Operador demo,PROC-H010,1
EV-H010-04,work_orders,WO-H010,waiting_parts,scheduled,2026-09-16T00:21:49.090909Z,Operador demo,PROC-H010,1
EV-H010-05,work_orders,WO-H010,scheduled,in_service,2026-09-16T01:27:16.363636Z,Operador demo,PROC-H010,1
EV-H010-06,work_orders,WO-H010,in_service,quality_check,2026-09-16T02:32:43.636364Z,Operador demo,PROC-H010,1
EV-H010-07,work_orders,WO-H010,quality_check,rework,2026-09-16T03:38:10.909091Z,Operador demo,PROC-H010,1
EV-H010-08,work_orders,WO-H010,rework,in_service,2026-09-16T04:43:38.181818Z,Operador demo,PROC-H010,1
EV-H010-09,work_orders,WO-H010,in_service,quality_check,2026-09-16T05:49:05.454545Z,Operador demo,PROC-H010,1
EV-H010-10,work_orders,WO-H010,quality_check,ready,2026-09-16T06:54:32.727273Z,Operador demo,PROC-H010,1
EV-H010-11,work_orders,WO-H010,ready,delivered,2026-09-16T08:00:00Z,Operador demo,PROC-H010,1
EV-H011-00,work_orders,WO-H011,initial,received,2026-09-15T07:00:00Z,Operador demo,PROC-H011,1
EV-H011-01,work_orders,WO-H011,received,inspected,2026-09-15T09:00:00Z,Operador demo,PROC-H011,1
EV-H011-02,work_orders,WO-H011,inspected,authorized,2026-09-15T11:00:00Z,Operador demo,PROC-H011,1
EV-H011-03,work_orders,WO-H011,authorized,scheduled,2026-09-15T13:00:00Z,Operador demo,PROC-H011,1
EV-H011-04,work_orders,WO-H011,scheduled,in_service,2026-09-15T15:00:00Z,Operador demo,PROC-H011,1
EV-H011-05,work_orders,WO-H011,in_service,quality_check,2026-09-15T17:00:00Z,Operador demo,PROC-H011,1
EV-H011-06,work_orders,WO-H011,quality_check,ready,2026-09-15T19:00:00Z,Operador demo,PROC-H011,1
EV-H011-07,work_orders,WO-H011,ready,delivered,2026-09-15T21:00:00Z,Operador demo,PROC-H011,1
EV-H012-00,work_orders,WO-H012,initial,received,2026-09-14T18:00:00Z,Operador demo,PROC-H012,1
EV-H012-01,work_orders,WO-H012,received,inspected,2026-09-14T20:17:08.571429Z,Operador demo,PROC-H012,1
EV-H012-02,work_orders,WO-H012,inspected,authorized,2026-09-14T22:34:17.142857Z,Operador demo,PROC-H012,1
EV-H012-03,work_orders,WO-H012,authorized,scheduled,2026-09-15T00:51:25.714286Z,Operador demo,PROC-H012,1
EV-H012-04,work_orders,WO-H012,scheduled,in_service,2026-09-15T03:08:34.285714Z,Operador demo,PROC-H012,1
EV-H012-05,work_orders,WO-H012,in_service,quality_check,2026-09-15T05:25:42.857143Z,Operador demo,PROC-H012,1
EV-H012-06,work_orders,WO-H012,quality_check,ready,2026-09-15T07:42:51.428571Z,Operador demo,PROC-H012,1
EV-H012-07,work_orders,WO-H012,ready,delivered,2026-09-15T10:00:00Z,Operador demo,PROC-H012,1
EV-H013-00,work_orders,WO-H013,initial,received,2026-09-14T05:00:00Z,Operador demo,PROC-H013,1
EV-H013-01,work_orders,WO-H013,received,inspected,2026-09-14T07:34:17.142857Z,Operador demo,PROC-H013,1
EV-H013-02,work_orders,WO-H013,inspected,authorized,2026-09-14T10:08:34.285714Z,Operador demo,PROC-H013,1
EV-H013-03,work_orders,WO-H013,authorized,scheduled,2026-09-14T12:42:51.428571Z,Operador demo,PROC-H013,1
EV-H013-04,work_orders,WO-H013,scheduled,in_service,2026-09-14T15:17:08.571429Z,Operador demo,PROC-H013,1
EV-H013-05,work_orders,WO-H013,in_service,quality_check,2026-09-14T17:51:25.714286Z,Operador demo,PROC-H013,1
EV-H013-06,work_orders,WO-H013,quality_check,ready,2026-09-14T20:25:42.857143Z,Operador demo,PROC-H013,1
EV-H013-07,work_orders,WO-H013,ready,delivered,2026-09-14T23:00:00Z,Operador demo,PROC-H013,1
EV-H014-00,work_orders,WO-H014,initial,received,2026-09-13T16:00:00Z,Operador demo,PROC-H014,1
EV-H014-01,work_orders,WO-H014,received,inspected,2026-09-13T16:51:25.714286Z,Operador demo,PROC-H014,1
EV-H014-02,work_orders,WO-H014,inspected,authorized,2026-09-13T17:42:51.428571Z,Operador demo,PROC-H014,1
EV-H014-03,work_orders,WO-H014,authorized,scheduled,2026-09-13T18:34:17.142857Z,Operador demo,PROC-H014,1
EV-H014-04,work_orders,WO-H014,scheduled,in_service,2026-09-13T19:25:42.857143Z,Operador demo,PROC-H014,1
EV-H014-05,work_orders,WO-H014,in_service,quality_check,2026-09-13T20:17:08.571429Z,Operador demo,PROC-H014,1
EV-H014-06,work_orders,WO-H014,quality_check,ready,2026-09-13T21:08:34.285714Z,Operador demo,PROC-H014,1
EV-H014-07,work_orders,WO-H014,ready,delivered,2026-09-13T22:00:00Z,Operador demo,PROC-H014,1
EV-H015-00,work_orders,WO-H015,initial,received,2026-09-13T03:00:00Z,Operador demo,PROC-H015,1
EV-H015-01,work_orders,WO-H015,received,inspected,2026-09-13T04:08:34.285714Z,Operador demo,PROC-H015,1
EV-H015-02,work_orders,WO-H015,inspected,authorized,2026-09-13T05:17:08.571429Z,Operador demo,PROC-H015,1
EV-H015-03,work_orders,WO-H015,authorized,scheduled,2026-09-13T06:25:42.857143Z,Operador demo,PROC-H015,1
EV-H015-04,work_orders,WO-H015,scheduled,in_service,2026-09-13T07:34:17.142857Z,Operador demo,PROC-H015,1
EV-H015-05,work_orders,WO-H015,in_service,quality_check,2026-09-13T08:42:51.428571Z,Operador demo,PROC-H015,1
EV-H015-06,work_orders,WO-H015,quality_check,ready,2026-09-13T09:51:25.714286Z,Operador demo,PROC-H015,1
EV-H015-07,work_orders,WO-H015,ready,delivered,2026-09-13T11:00:00Z,Operador demo,PROC-H015,1
EV-H016-00,work_orders,WO-H016,initial,received,2026-09-12T14:00:00Z,Operador demo,PROC-H016,1
EV-H016-01,work_orders,WO-H016,received,inspected,2026-09-12T15:25:42.857143Z,Operador demo,PROC-H016,1
EV-H016-02,work_orders,WO-H016,inspected,authorized,2026-09-12T16:51:25.714286Z,Operador demo,PROC-H016,1
EV-H016-03,work_orders,WO-H016,authorized,scheduled,2026-09-12T18:17:08.571429Z,Operador demo,PROC-H016,1
EV-H016-04,work_orders,WO-H016,scheduled,in_service,2026-09-12T19:42:51.428571Z,Operador demo,PROC-H016,1
EV-H016-05,work_orders,WO-H016,in_service,quality_check,2026-09-12T21:08:34.285714Z,Operador demo,PROC-H016,1
EV-H016-06,work_orders,WO-H016,quality_check,ready,2026-09-12T22:34:17.142857Z,Operador demo,PROC-H016,1
EV-H016-07,work_orders,WO-H016,ready,delivered,2026-09-13T00:00:00Z,Operador demo,PROC-H016,1
EV-H017-00,work_orders,WO-H017,initial,received,2026-09-12T01:00:00Z,Operador demo,PROC-H017,1
EV-H017-01,work_orders,WO-H017,received,inspected,2026-09-12T02:42:51.428571Z,Operador demo,PROC-H017,1
EV-H017-02,work_orders,WO-H017,inspected,authorized,2026-09-12T04:25:42.857143Z,Operador demo,PROC-H017,1
EV-H017-03,work_orders,WO-H017,authorized,scheduled,2026-09-12T06:08:34.285714Z,Operador demo,PROC-H017,1
EV-H017-04,work_orders,WO-H017,scheduled,in_service,2026-09-12T07:51:25.714286Z,Operador demo,PROC-H017,1
EV-H017-05,work_orders,WO-H017,in_service,quality_check,2026-09-12T09:34:17.142857Z,Operador demo,PROC-H017,1
EV-H017-06,work_orders,WO-H017,quality_check,ready,2026-09-12T11:17:08.571429Z,Operador demo,PROC-H017,1
EV-H017-07,work_orders,WO-H017,ready,delivered,2026-09-12T13:00:00Z,Operador demo,PROC-H017,1
EV-H018-00,work_orders,WO-H018,initial,received,2026-09-11T12:00:00Z,Operador demo,PROC-H018,1
EV-H018-01,work_orders,WO-H018,received,inspected,2026-09-11T20:34:17.142857Z,Operador demo,PROC-H018,1
EV-H018-02,work_orders,WO-H018,inspected,authorized,2026-09-12T05:08:34.285714Z,Operador demo,PROC-H018,1
EV-H018-03,work_orders,WO-H018,authorized,scheduled,2026-09-12T13:42:51.428571Z,Operador demo,PROC-H018,1
EV-H018-04,work_orders,WO-H018,scheduled,in_service,2026-09-12T22:17:08.571429Z,Operador demo,PROC-H018,1
EV-H018-05,work_orders,WO-H018,in_service,quality_check,2026-09-13T06:51:25.714286Z,Operador demo,PROC-H018,1
EV-H018-06,work_orders,WO-H018,quality_check,ready,2026-09-13T15:25:42.857143Z,Operador demo,PROC-H018,1
EV-H018-07,work_orders,WO-H018,ready,delivered,2026-09-14T00:00:00Z,Operador demo,PROC-H018,1
EV-H019-00,work_orders,WO-H019,initial,received,2026-09-10T23:00:00Z,Operador demo,PROC-H019,1
EV-H019-01,work_orders,WO-H019,received,inspected,2026-09-11T01:17:08.571429Z,Operador demo,PROC-H019,1
EV-H019-02,work_orders,WO-H019,inspected,authorized,2026-09-11T03:34:17.142857Z,Operador demo,PROC-H019,1
EV-H019-03,work_orders,WO-H019,authorized,scheduled,2026-09-11T05:51:25.714286Z,Operador demo,PROC-H019,1
EV-H019-04,work_orders,WO-H019,scheduled,in_service,2026-09-11T08:08:34.285714Z,Operador demo,PROC-H019,1
EV-H019-05,work_orders,WO-H019,in_service,quality_check,2026-09-11T10:25:42.857143Z,Operador demo,PROC-H019,1
EV-H019-06,work_orders,WO-H019,quality_check,ready,2026-09-11T12:42:51.428571Z,Operador demo,PROC-H019,1
EV-H019-07,work_orders,WO-H019,ready,delivered,2026-09-11T15:00:00Z,Operador demo,PROC-H019,1
EV-H020-00,work_orders,WO-H020,initial,received,2026-09-10T10:00:00Z,Operador demo,PROC-H020,1
EV-H020-01,work_orders,WO-H020,received,inspected,2026-09-10T11:38:10.909091Z,Operador demo,PROC-H020,1
EV-H020-02,work_orders,WO-H020,inspected,authorized,2026-09-10T13:16:21.818182Z,Operador demo,PROC-H020,1
EV-H020-03,work_orders,WO-H020,authorized,waiting_parts,2026-09-10T14:54:32.727273Z,Operador demo,PROC-H020,1
EV-H020-04,work_orders,WO-H020,waiting_parts,scheduled,2026-09-10T16:32:43.636364Z,Operador demo,PROC-H020,1
EV-H020-05,work_orders,WO-H020,scheduled,in_service,2026-09-10T18:10:54.545455Z,Operador demo,PROC-H020,1
EV-H020-06,work_orders,WO-H020,in_service,quality_check,2026-09-10T19:49:05.454545Z,Operador demo,PROC-H020,1
EV-H020-07,work_orders,WO-H020,quality_check,rework,2026-09-10T21:27:16.363636Z,Operador demo,PROC-H020,1
EV-H020-08,work_orders,WO-H020,rework,in_service,2026-09-10T23:05:27.272727Z,Operador demo,PROC-H020,1
EV-H020-09,work_orders,WO-H020,in_service,quality_check,2026-09-11T00:43:38.181818Z,Operador demo,PROC-H020,1
EV-H020-10,work_orders,WO-H020,quality_check,ready,2026-09-11T02:21:49.090909Z,Operador demo,PROC-H020,1
EV-H020-11,work_orders,WO-H020,ready,delivered,2026-09-11T04:00:00Z,Operador demo,PROC-H020,1
EV-H021-00,work_orders,WO-H021,initial,received,2026-09-09T21:00:00Z,Operador demo,PROC-H021,1
EV-H021-01,work_orders,WO-H021,received,inspected,2026-09-09T21:51:25.714286Z,Operador demo,PROC-H021,1
EV-H021-02,work_orders,WO-H021,inspected,authorized,2026-09-09T22:42:51.428571Z,Operador demo,PROC-H021,1
EV-H021-03,work_orders,WO-H021,authorized,scheduled,2026-09-09T23:34:17.142857Z,Operador demo,PROC-H021,1
EV-H021-04,work_orders,WO-H021,scheduled,in_service,2026-09-10T00:25:42.857143Z,Operador demo,PROC-H021,1
EV-H021-05,work_orders,WO-H021,in_service,quality_check,2026-09-10T01:17:08.571429Z,Operador demo,PROC-H021,1
EV-H021-06,work_orders,WO-H021,quality_check,ready,2026-09-10T02:08:34.285714Z,Operador demo,PROC-H021,1
EV-H021-07,work_orders,WO-H021,ready,delivered,2026-09-10T03:00:00Z,Operador demo,PROC-H021,1
EV-H022-00,work_orders,WO-H022,initial,received,2026-09-09T08:00:00Z,Operador demo,PROC-H022,1
EV-H022-01,work_orders,WO-H022,received,inspected,2026-09-09T09:08:34.285714Z,Operador demo,PROC-H022,1
EV-H022-02,work_orders,WO-H022,inspected,authorized,2026-09-09T10:17:08.571429Z,Operador demo,PROC-H022,1
EV-H022-03,work_orders,WO-H022,authorized,scheduled,2026-09-09T11:25:42.857143Z,Operador demo,PROC-H022,1
EV-H022-04,work_orders,WO-H022,scheduled,in_service,2026-09-09T12:34:17.142857Z,Operador demo,PROC-H022,1
EV-H022-05,work_orders,WO-H022,in_service,quality_check,2026-09-09T13:42:51.428571Z,Operador demo,PROC-H022,1
EV-H022-06,work_orders,WO-H022,quality_check,ready,2026-09-09T14:51:25.714286Z,Operador demo,PROC-H022,1
EV-H022-07,work_orders,WO-H022,ready,delivered,2026-09-09T16:00:00Z,Operador demo,PROC-H022,1
EV-H023-00,work_orders,WO-H023,initial,received,2026-09-08T19:00:00Z,Operador demo,PROC-H023,1
EV-H023-01,work_orders,WO-H023,received,inspected,2026-09-08T20:25:42.857143Z,Operador demo,PROC-H023,1
EV-H023-02,work_orders,WO-H023,inspected,authorized,2026-09-08T21:51:25.714286Z,Operador demo,PROC-H023,1
EV-H023-03,work_orders,WO-H023,authorized,scheduled,2026-09-08T23:17:08.571429Z,Operador demo,PROC-H023,1
EV-H023-04,work_orders,WO-H023,scheduled,in_service,2026-09-09T00:42:51.428571Z,Operador demo,PROC-H023,1
EV-H023-05,work_orders,WO-H023,in_service,quality_check,2026-09-09T02:08:34.285714Z,Operador demo,PROC-H023,1
EV-H023-06,work_orders,WO-H023,quality_check,ready,2026-09-09T03:34:17.142857Z,Operador demo,PROC-H023,1
EV-H023-07,work_orders,WO-H023,ready,delivered,2026-09-09T05:00:00Z,Operador demo,PROC-H023,1
EV-H024-00,work_orders,WO-H024,initial,received,2026-09-08T06:00:00Z,Operador demo,PROC-H024,1
EV-H024-01,work_orders,WO-H024,received,inspected,2026-09-08T07:42:51.428571Z,Operador demo,PROC-H024,1
EV-H024-02,work_orders,WO-H024,inspected,authorized,2026-09-08T09:25:42.857143Z,Operador demo,PROC-H024,1
EV-H024-03,work_orders,WO-H024,authorized,scheduled,2026-09-08T11:08:34.285714Z,Operador demo,PROC-H024,1
EV-H024-04,work_orders,WO-H024,scheduled,in_service,2026-09-08T12:51:25.714286Z,Operador demo,PROC-H024,1
EV-H024-05,work_orders,WO-H024,in_service,quality_check,2026-09-08T14:34:17.142857Z,Operador demo,PROC-H024,1
EV-H024-06,work_orders,WO-H024,quality_check,ready,2026-09-08T16:17:08.571429Z,Operador demo,PROC-H024,1
EV-H024-07,work_orders,WO-H024,ready,delivered,2026-09-08T18:00:00Z,Operador demo,PROC-H024,1
EV-H025-00,work_orders,WO-H025,initial,received,2026-09-07T17:00:00Z,Operador demo,PROC-H025,1
EV-H025-01,work_orders,WO-H025,received,inspected,2026-09-07T19:00:00Z,Operador demo,PROC-H025,1
EV-H025-02,work_orders,WO-H025,inspected,authorized,2026-09-07T21:00:00Z,Operador demo,PROC-H025,1
EV-H025-03,work_orders,WO-H025,authorized,scheduled,2026-09-07T23:00:00Z,Operador demo,PROC-H025,1
EV-H025-04,work_orders,WO-H025,scheduled,in_service,2026-09-08T01:00:00Z,Operador demo,PROC-H025,1
EV-H025-05,work_orders,WO-H025,in_service,quality_check,2026-09-08T03:00:00Z,Operador demo,PROC-H025,1
EV-H025-06,work_orders,WO-H025,quality_check,ready,2026-09-08T05:00:00Z,Operador demo,PROC-H025,1
EV-H025-07,work_orders,WO-H025,ready,delivered,2026-09-08T07:00:00Z,Operador demo,PROC-H025,1
EV-H026-00,work_orders,WO-H026,initial,received,2026-09-07T04:00:00Z,Operador demo,PROC-H026,1
EV-H026-01,work_orders,WO-H026,received,inspected,2026-09-07T06:17:08.571429Z,Operador demo,PROC-H026,1
EV-H026-02,work_orders,WO-H026,inspected,authorized,2026-09-07T08:34:17.142857Z,Operador demo,PROC-H026,1
EV-H026-03,work_orders,WO-H026,authorized,scheduled,2026-09-07T10:51:25.714286Z,Operador demo,PROC-H026,1
EV-H026-04,work_orders,WO-H026,scheduled,in_service,2026-09-07T13:08:34.285714Z,Operador demo,PROC-H026,1
EV-H026-05,work_orders,WO-H026,in_service,quality_check,2026-09-07T15:25:42.857143Z,Operador demo,PROC-H026,1
EV-H026-06,work_orders,WO-H026,quality_check,ready,2026-09-07T17:42:51.428571Z,Operador demo,PROC-H026,1
EV-H026-07,work_orders,WO-H026,ready,delivered,2026-09-07T20:00:00Z,Operador demo,PROC-H026,1
EV-H027-00,work_orders,WO-H027,initial,received,2026-09-06T15:00:00Z,Operador demo,PROC-H027,1
EV-H027-01,work_orders,WO-H027,received,inspected,2026-09-06T23:08:34.285714Z,Operador demo,PROC-H027,1
EV-H027-02,work_orders,WO-H027,inspected,authorized,2026-09-07T07:17:08.571429Z,Operador demo,PROC-H027,1
EV-H027-03,work_orders,WO-H027,authorized,scheduled,2026-09-07T15:25:42.857143Z,Operador demo,PROC-H027,1
EV-H027-04,work_orders,WO-H027,scheduled,in_service,2026-09-07T23:34:17.142857Z,Operador demo,PROC-H027,1
EV-H027-05,work_orders,WO-H027,in_service,quality_check,2026-09-08T07:42:51.428571Z,Operador demo,PROC-H027,1
EV-H027-06,work_orders,WO-H027,quality_check,ready,2026-09-08T15:51:25.714286Z,Operador demo,PROC-H027,1
EV-H027-07,work_orders,WO-H027,ready,delivered,2026-09-09T00:00:00Z,Operador demo,PROC-H027,1
EV-H028-00,work_orders,WO-H028,initial,received,2026-09-06T02:00:00Z,Operador demo,PROC-H028,1
EV-H028-01,work_orders,WO-H028,received,inspected,2026-09-06T02:51:25.714286Z,Operador demo,PROC-H028,1
EV-H028-02,work_orders,WO-H028,inspected,authorized,2026-09-06T03:42:51.428571Z,Operador demo,PROC-H028,1
EV-H028-03,work_orders,WO-H028,authorized,scheduled,2026-09-06T04:34:17.142857Z,Operador demo,PROC-H028,1
EV-H028-04,work_orders,WO-H028,scheduled,in_service,2026-09-06T05:25:42.857143Z,Operador demo,PROC-H028,1
EV-H028-05,work_orders,WO-H028,in_service,quality_check,2026-09-06T06:17:08.571429Z,Operador demo,PROC-H028,1
EV-H028-06,work_orders,WO-H028,quality_check,ready,2026-09-06T07:08:34.285714Z,Operador demo,PROC-H028,1
EV-H028-07,work_orders,WO-H028,ready,delivered,2026-09-06T08:00:00Z,Operador demo,PROC-H028,1
EV-H029-00,work_orders,WO-H029,initial,received,2026-09-05T13:00:00Z,Operador demo,PROC-H029,1
EV-H029-01,work_orders,WO-H029,received,inspected,2026-09-05T14:08:34.285714Z,Operador demo,PROC-H029,1
EV-H029-02,work_orders,WO-H029,inspected,authorized,2026-09-05T15:17:08.571429Z,Operador demo,PROC-H029,1
EV-H029-03,work_orders,WO-H029,authorized,scheduled,2026-09-05T16:25:42.857143Z,Operador demo,PROC-H029,1
EV-H029-04,work_orders,WO-H029,scheduled,in_service,2026-09-05T17:34:17.142857Z,Operador demo,PROC-H029,1
EV-H029-05,work_orders,WO-H029,in_service,quality_check,2026-09-05T18:42:51.428571Z,Operador demo,PROC-H029,1
EV-H029-06,work_orders,WO-H029,quality_check,ready,2026-09-05T19:51:25.714286Z,Operador demo,PROC-H029,1
EV-H029-07,work_orders,WO-H029,ready,delivered,2026-09-05T21:00:00Z,Operador demo,PROC-H029,1
EV-H030-00,work_orders,WO-H030,initial,received,2026-09-05T00:00:00Z,Operador demo,PROC-H030,1
EV-H030-01,work_orders,WO-H030,received,inspected,2026-09-05T00:54:32.727273Z,Operador demo,PROC-H030,1
EV-H030-02,work_orders,WO-H030,inspected,authorized,2026-09-05T01:49:05.454545Z,Operador demo,PROC-H030,1
EV-H030-03,work_orders,WO-H030,authorized,waiting_parts,2026-09-05T02:43:38.181818Z,Operador demo,PROC-H030,1
EV-H030-04,work_orders,WO-H030,waiting_parts,scheduled,2026-09-05T03:38:10.909091Z,Operador demo,PROC-H030,1
EV-H030-05,work_orders,WO-H030,scheduled,in_service,2026-09-05T04:32:43.636364Z,Operador demo,PROC-H030,1
EV-H030-06,work_orders,WO-H030,in_service,quality_check,2026-09-05T05:27:16.363636Z,Operador demo,PROC-H030,1
EV-H030-07,work_orders,WO-H030,quality_check,rework,2026-09-05T06:21:49.090909Z,Operador demo,PROC-H030,1
EV-H030-08,work_orders,WO-H030,rework,in_service,2026-09-05T07:16:21.818182Z,Operador demo,PROC-H030,1
EV-H030-09,work_orders,WO-H030,in_service,quality_check,2026-09-05T08:10:54.545455Z,Operador demo,PROC-H030,1
EV-H030-10,work_orders,WO-H030,quality_check,ready,2026-09-05T09:05:27.272727Z,Operador demo,PROC-H030,1
EV-H030-11,work_orders,WO-H030,ready,delivered,2026-09-05T10:00:00Z,Operador demo,PROC-H030,1
EV-H031-00,work_orders,WO-H031,initial,received,2026-09-04T11:00:00Z,Operador demo,PROC-H031,1
EV-H031-01,work_orders,WO-H031,received,inspected,2026-09-04T12:42:51.428571Z,Operador demo,PROC-H031,1
EV-H031-02,work_orders,WO-H031,inspected,authorized,2026-09-04T14:25:42.857143Z,Operador demo,PROC-H031,1
EV-H031-03,work_orders,WO-H031,authorized,scheduled,2026-09-04T16:08:34.285714Z,Operador demo,PROC-H031,1
EV-H031-04,work_orders,WO-H031,scheduled,in_service,2026-09-04T17:51:25.714286Z,Operador demo,PROC-H031,1
EV-H031-05,work_orders,WO-H031,in_service,quality_check,2026-09-04T19:34:17.142857Z,Operador demo,PROC-H031,1
EV-H031-06,work_orders,WO-H031,quality_check,ready,2026-09-04T21:17:08.571429Z,Operador demo,PROC-H031,1
EV-H031-07,work_orders,WO-H031,ready,delivered,2026-09-04T23:00:00Z,Operador demo,PROC-H031,1
EV-H032-00,work_orders,WO-H032,initial,received,2026-09-03T22:00:00Z,Operador demo,PROC-H032,1
EV-H032-01,work_orders,WO-H032,received,inspected,2026-09-04T00:00:00Z,Operador demo,PROC-H032,1
EV-H032-02,work_orders,WO-H032,inspected,authorized,2026-09-04T02:00:00Z,Operador demo,PROC-H032,1
EV-H032-03,work_orders,WO-H032,authorized,scheduled,2026-09-04T04:00:00Z,Operador demo,PROC-H032,1
EV-H032-04,work_orders,WO-H032,scheduled,in_service,2026-09-04T06:00:00Z,Operador demo,PROC-H032,1
EV-H032-05,work_orders,WO-H032,in_service,quality_check,2026-09-04T08:00:00Z,Operador demo,PROC-H032,1
EV-H032-06,work_orders,WO-H032,quality_check,ready,2026-09-04T10:00:00Z,Operador demo,PROC-H032,1
EV-H032-07,work_orders,WO-H032,ready,delivered,2026-09-04T12:00:00Z,Operador demo,PROC-H032,1
EV-H033-00,work_orders,WO-H033,initial,received,2026-09-03T09:00:00Z,Operador demo,PROC-H033,1
EV-H033-01,work_orders,WO-H033,received,inspected,2026-09-03T11:17:08.571429Z,Operador demo,PROC-H033,1
EV-H033-02,work_orders,WO-H033,inspected,authorized,2026-09-03T13:34:17.142857Z,Operador demo,PROC-H033,1
EV-H033-03,work_orders,WO-H033,authorized,scheduled,2026-09-03T15:51:25.714286Z,Operador demo,PROC-H033,1
EV-H033-04,work_orders,WO-H033,scheduled,in_service,2026-09-03T18:08:34.285714Z,Operador demo,PROC-H033,1
EV-H033-05,work_orders,WO-H033,in_service,quality_check,2026-09-03T20:25:42.857143Z,Operador demo,PROC-H033,1
EV-H033-06,work_orders,WO-H033,quality_check,ready,2026-09-03T22:42:51.428571Z,Operador demo,PROC-H033,1
EV-H033-07,work_orders,WO-H033,ready,delivered,2026-09-04T01:00:00Z,Operador demo,PROC-H033,1
EV-H034-00,work_orders,WO-H034,initial,received,2026-09-02T20:00:00Z,Operador demo,PROC-H034,1
EV-H034-01,work_orders,WO-H034,received,inspected,2026-09-02T22:34:17.142857Z,Operador demo,PROC-H034,1
EV-H034-02,work_orders,WO-H034,inspected,authorized,2026-09-03T01:08:34.285714Z,Operador demo,PROC-H034,1
EV-H034-03,work_orders,WO-H034,authorized,scheduled,2026-09-03T03:42:51.428571Z,Operador demo,PROC-H034,1
EV-H034-04,work_orders,WO-H034,scheduled,in_service,2026-09-03T06:17:08.571429Z,Operador demo,PROC-H034,1
EV-H034-05,work_orders,WO-H034,in_service,quality_check,2026-09-03T08:51:25.714286Z,Operador demo,PROC-H034,1
EV-H034-06,work_orders,WO-H034,quality_check,ready,2026-09-03T11:25:42.857143Z,Operador demo,PROC-H034,1
EV-H034-07,work_orders,WO-H034,ready,delivered,2026-09-03T14:00:00Z,Operador demo,PROC-H034,1
EV-H035-00,work_orders,WO-H035,initial,received,2026-09-02T07:00:00Z,Operador demo,PROC-H035,1
EV-H035-01,work_orders,WO-H035,received,inspected,2026-09-02T07:51:25.714286Z,Operador demo,PROC-H035,1
EV-H035-02,work_orders,WO-H035,inspected,authorized,2026-09-02T08:42:51.428571Z,Operador demo,PROC-H035,1
EV-H035-03,work_orders,WO-H035,authorized,scheduled,2026-09-02T09:34:17.142857Z,Operador demo,PROC-H035,1
EV-H035-04,work_orders,WO-H035,scheduled,in_service,2026-09-02T10:25:42.857143Z,Operador demo,PROC-H035,1
EV-H035-05,work_orders,WO-H035,in_service,quality_check,2026-09-02T11:17:08.571429Z,Operador demo,PROC-H035,1
EV-H035-06,work_orders,WO-H035,quality_check,ready,2026-09-02T12:08:34.285714Z,Operador demo,PROC-H035,1
EV-H035-07,work_orders,WO-H035,ready,delivered,2026-09-02T13:00:00Z,Operador demo,PROC-H035,1
EV-H036-00,work_orders,WO-H036,initial,received,2026-09-01T18:00:00Z,Operador demo,PROC-H036,1
EV-H036-01,work_orders,WO-H036,received,inspected,2026-09-02T01:42:51.428571Z,Operador demo,PROC-H036,1
EV-H036-02,work_orders,WO-H036,inspected,authorized,2026-09-02T09:25:42.857143Z,Operador demo,PROC-H036,1
EV-H036-03,work_orders,WO-H036,authorized,scheduled,2026-09-02T17:08:34.285714Z,Operador demo,PROC-H036,1
EV-H036-04,work_orders,WO-H036,scheduled,in_service,2026-09-03T00:51:25.714286Z,Operador demo,PROC-H036,1
EV-H036-05,work_orders,WO-H036,in_service,quality_check,2026-09-03T08:34:17.142857Z,Operador demo,PROC-H036,1
EV-H036-06,work_orders,WO-H036,quality_check,ready,2026-09-03T16:17:08.571429Z,Operador demo,PROC-H036,1
EV-H036-07,work_orders,WO-H036,ready,delivered,2026-09-04T00:00:00Z,Operador demo,PROC-H036,1
EV-H037-00,work_orders,WO-H037,initial,received,2026-09-01T05:00:00Z,Operador demo,PROC-H037,1
EV-H037-01,work_orders,WO-H037,received,inspected,2026-09-01T06:25:42.857143Z,Operador demo,PROC-H037,1
EV-H037-02,work_orders,WO-H037,inspected,authorized,2026-09-01T07:51:25.714286Z,Operador demo,PROC-H037,1
EV-H037-03,work_orders,WO-H037,authorized,scheduled,2026-09-01T09:17:08.571429Z,Operador demo,PROC-H037,1
EV-H037-04,work_orders,WO-H037,scheduled,in_service,2026-09-01T10:42:51.428571Z,Operador demo,PROC-H037,1
EV-H037-05,work_orders,WO-H037,in_service,quality_check,2026-09-01T12:08:34.285714Z,Operador demo,PROC-H037,1
EV-H037-06,work_orders,WO-H037,quality_check,ready,2026-09-01T13:34:17.142857Z,Operador demo,PROC-H037,1
EV-H037-07,work_orders,WO-H037,ready,delivered,2026-09-01T15:00:00Z,Operador demo,PROC-H037,1
EV-H038-00,work_orders,WO-H038,initial,received,2026-08-31T16:00:00Z,Operador demo,PROC-H038,1
EV-H038-01,work_orders,WO-H038,received,inspected,2026-08-31T17:42:51.428571Z,Operador demo,PROC-H038,1
EV-H038-02,work_orders,WO-H038,inspected,authorized,2026-08-31T19:25:42.857143Z,Operador demo,PROC-H038,1
EV-H038-03,work_orders,WO-H038,authorized,scheduled,2026-08-31T21:08:34.285714Z,Operador demo,PROC-H038,1
EV-H038-04,work_orders,WO-H038,scheduled,in_service,2026-08-31T22:51:25.714286Z,Operador demo,PROC-H038,1
EV-H038-05,work_orders,WO-H038,in_service,quality_check,2026-09-01T00:34:17.142857Z,Operador demo,PROC-H038,1
EV-H038-06,work_orders,WO-H038,quality_check,ready,2026-09-01T02:17:08.571429Z,Operador demo,PROC-H038,1
EV-H038-07,work_orders,WO-H038,ready,delivered,2026-09-01T04:00:00Z,Operador demo,PROC-H038,1
EV-H039-00,work_orders,WO-H039,initial,received,2026-08-31T03:00:00Z,Operador demo,PROC-H039,1
EV-H039-01,work_orders,WO-H039,received,inspected,2026-08-31T05:00:00Z,Operador demo,PROC-H039,1
EV-H039-02,work_orders,WO-H039,inspected,authorized,2026-08-31T07:00:00Z,Operador demo,PROC-H039,1
EV-H039-03,work_orders,WO-H039,authorized,scheduled,2026-08-31T09:00:00Z,Operador demo,PROC-H039,1
EV-H039-04,work_orders,WO-H039,scheduled,in_service,2026-08-31T11:00:00Z,Operador demo,PROC-H039,1
EV-H039-05,work_orders,WO-H039,in_service,quality_check,2026-08-31T13:00:00Z,Operador demo,PROC-H039,1
EV-H039-06,work_orders,WO-H039,quality_check,ready,2026-08-31T15:00:00Z,Operador demo,PROC-H039,1
EV-H039-07,work_orders,WO-H039,ready,delivered,2026-08-31T17:00:00Z,Operador demo,PROC-H039,1
EV-H040-00,work_orders,WO-H040,initial,received,2026-08-30T14:00:00Z,Operador demo,PROC-H040,1
EV-H040-01,work_orders,WO-H040,received,inspected,2026-08-30T15:27:16.363636Z,Operador demo,PROC-H040,1
EV-H040-02,work_orders,WO-H040,inspected,authorized,2026-08-30T16:54:32.727273Z,Operador demo,PROC-H040,1
EV-H040-03,work_orders,WO-H040,authorized,waiting_parts,2026-08-30T18:21:49.090909Z,Operador demo,PROC-H040,1
EV-H040-04,work_orders,WO-H040,waiting_parts,scheduled,2026-08-30T19:49:05.454545Z,Operador demo,PROC-H040,1
EV-H040-05,work_orders,WO-H040,scheduled,in_service,2026-08-30T21:16:21.818182Z,Operador demo,PROC-H040,1
EV-H040-06,work_orders,WO-H040,in_service,quality_check,2026-08-30T22:43:38.181818Z,Operador demo,PROC-H040,1
EV-H040-07,work_orders,WO-H040,quality_check,rework,2026-08-31T00:10:54.545455Z,Operador demo,PROC-H040,1
EV-H040-08,work_orders,WO-H040,rework,in_service,2026-08-31T01:38:10.909091Z,Operador demo,PROC-H040,1
EV-H040-09,work_orders,WO-H040,in_service,quality_check,2026-08-31T03:05:27.272727Z,Operador demo,PROC-H040,1
EV-H040-10,work_orders,WO-H040,quality_check,ready,2026-08-31T04:32:43.636364Z,Operador demo,PROC-H040,1
EV-H040-11,work_orders,WO-H040,ready,delivered,2026-08-31T06:00:00Z,Operador demo,PROC-H040,1
EV-H041-00,work_orders,WO-H041,initial,received,2026-08-30T01:00:00Z,Operador demo,PROC-H041,1
EV-H041-01,work_orders,WO-H041,received,inspected,2026-08-30T03:34:17.142857Z,Operador demo,PROC-H041,1
EV-H041-02,work_orders,WO-H041,inspected,authorized,2026-08-30T06:08:34.285714Z,Operador demo,PROC-H041,1
EV-H041-03,work_orders,WO-H041,authorized,scheduled,2026-08-30T08:42:51.428571Z,Operador demo,PROC-H041,1
EV-H041-04,work_orders,WO-H041,scheduled,in_service,2026-08-30T11:17:08.571429Z,Operador demo,PROC-H041,1
EV-H041-05,work_orders,WO-H041,in_service,quality_check,2026-08-30T13:51:25.714286Z,Operador demo,PROC-H041,1
EV-H041-06,work_orders,WO-H041,quality_check,ready,2026-08-30T16:25:42.857143Z,Operador demo,PROC-H041,1
EV-H041-07,work_orders,WO-H041,ready,delivered,2026-08-30T19:00:00Z,Operador demo,PROC-H041,1
EV-H042-00,work_orders,WO-H042,initial,received,2026-08-29T12:00:00Z,Operador demo,PROC-H042,1
EV-H042-01,work_orders,WO-H042,received,inspected,2026-08-29T12:51:25.714286Z,Operador demo,PROC-H042,1
EV-H042-02,work_orders,WO-H042,inspected,authorized,2026-08-29T13:42:51.428571Z,Operador demo,PROC-H042,1
EV-H042-03,work_orders,WO-H042,authorized,scheduled,2026-08-29T14:34:17.142857Z,Operador demo,PROC-H042,1
EV-H042-04,work_orders,WO-H042,scheduled,in_service,2026-08-29T15:25:42.857143Z,Operador demo,PROC-H042,1
EV-H042-05,work_orders,WO-H042,in_service,quality_check,2026-08-29T16:17:08.571429Z,Operador demo,PROC-H042,1
EV-H042-06,work_orders,WO-H042,quality_check,ready,2026-08-29T17:08:34.285714Z,Operador demo,PROC-H042,1
EV-H042-07,work_orders,WO-H042,ready,delivered,2026-08-29T18:00:00Z,Operador demo,PROC-H042,1
EV-H043-00,work_orders,WO-H043,initial,received,2026-08-28T23:00:00Z,Operador demo,PROC-H043,1
EV-H043-01,work_orders,WO-H043,received,inspected,2026-08-29T00:08:34.285714Z,Operador demo,PROC-H043,1
EV-H043-02,work_orders,WO-H043,inspected,authorized,2026-08-29T01:17:08.571429Z,Operador demo,PROC-H043,1
EV-H043-03,work_orders,WO-H043,authorized,scheduled,2026-08-29T02:25:42.857143Z,Operador demo,PROC-H043,1
EV-H043-04,work_orders,WO-H043,scheduled,in_service,2026-08-29T03:34:17.142857Z,Operador demo,PROC-H043,1
EV-H043-05,work_orders,WO-H043,in_service,quality_check,2026-08-29T04:42:51.428571Z,Operador demo,PROC-H043,1
EV-H043-06,work_orders,WO-H043,quality_check,ready,2026-08-29T05:51:25.714286Z,Operador demo,PROC-H043,1
EV-H043-07,work_orders,WO-H043,ready,delivered,2026-08-29T07:00:00Z,Operador demo,PROC-H043,1
EV-H044-00,work_orders,WO-H044,initial,received,2026-08-28T10:00:00Z,Operador demo,PROC-H044,1
EV-H044-01,work_orders,WO-H044,received,inspected,2026-08-28T11:25:42.857143Z,Operador demo,PROC-H044,1
EV-H044-02,work_orders,WO-H044,inspected,authorized,2026-08-28T12:51:25.714286Z,Operador demo,PROC-H044,1
EV-H044-03,work_orders,WO-H044,authorized,scheduled,2026-08-28T14:17:08.571429Z,Operador demo,PROC-H044,1
EV-H044-04,work_orders,WO-H044,scheduled,in_service,2026-08-28T15:42:51.428571Z,Operador demo,PROC-H044,1
EV-H044-05,work_orders,WO-H044,in_service,quality_check,2026-08-28T17:08:34.285714Z,Operador demo,PROC-H044,1
EV-H044-06,work_orders,WO-H044,quality_check,ready,2026-08-28T18:34:17.142857Z,Operador demo,PROC-H044,1
EV-H044-07,work_orders,WO-H044,ready,delivered,2026-08-28T20:00:00Z,Operador demo,PROC-H044,1
EV-H045-00,work_orders,WO-H045,initial,received,2026-08-27T21:00:00Z,Operador demo,PROC-H045,1
EV-H045-01,work_orders,WO-H045,received,inspected,2026-08-28T06:00:00Z,Operador demo,PROC-H045,1
EV-H045-02,work_orders,WO-H045,inspected,authorized,2026-08-28T15:00:00Z,Operador demo,PROC-H045,1
EV-H045-03,work_orders,WO-H045,authorized,scheduled,2026-08-29T00:00:00Z,Operador demo,PROC-H045,1
EV-H045-04,work_orders,WO-H045,scheduled,in_service,2026-08-29T09:00:00Z,Operador demo,PROC-H045,1
EV-H045-05,work_orders,WO-H045,in_service,quality_check,2026-08-29T18:00:00Z,Operador demo,PROC-H045,1
EV-H045-06,work_orders,WO-H045,quality_check,ready,2026-08-30T03:00:00Z,Operador demo,PROC-H045,1
EV-H045-07,work_orders,WO-H045,ready,delivered,2026-08-30T12:00:00Z,Operador demo,PROC-H045,1
EV-H046-00,work_orders,WO-H046,initial,received,2026-08-27T08:00:00Z,Operador demo,PROC-H046,1
EV-H046-01,work_orders,WO-H046,received,inspected,2026-08-27T10:00:00Z,Operador demo,PROC-H046,1
EV-H046-02,work_orders,WO-H046,inspected,authorized,2026-08-27T12:00:00Z,Operador demo,PROC-H046,1
EV-H046-03,work_orders,WO-H046,authorized,scheduled,2026-08-27T14:00:00Z,Operador demo,PROC-H046,1
EV-H046-04,work_orders,WO-H046,scheduled,in_service,2026-08-27T16:00:00Z,Operador demo,PROC-H046,1
EV-H046-05,work_orders,WO-H046,in_service,quality_check,2026-08-27T18:00:00Z,Operador demo,PROC-H046,1
EV-H046-06,work_orders,WO-H046,quality_check,ready,2026-08-27T20:00:00Z,Operador demo,PROC-H046,1
EV-H046-07,work_orders,WO-H046,ready,delivered,2026-08-27T22:00:00Z,Operador demo,PROC-H046,1
EV-H047-00,work_orders,WO-H047,initial,received,2026-08-26T19:00:00Z,Operador demo,PROC-H047,1
EV-H047-01,work_orders,WO-H047,received,inspected,2026-08-26T21:17:08.571429Z,Operador demo,PROC-H047,1
EV-H047-02,work_orders,WO-H047,inspected,authorized,2026-08-26T23:34:17.142857Z,Operador demo,PROC-H047,1
EV-H047-03,work_orders,WO-H047,authorized,scheduled,2026-08-27T01:51:25.714286Z,Operador demo,PROC-H047,1
EV-H047-04,work_orders,WO-H047,scheduled,in_service,2026-08-27T04:08:34.285714Z,Operador demo,PROC-H047,1
EV-H047-05,work_orders,WO-H047,in_service,quality_check,2026-08-27T06:25:42.857143Z,Operador demo,PROC-H047,1
EV-H047-06,work_orders,WO-H047,quality_check,ready,2026-08-27T08:42:51.428571Z,Operador demo,PROC-H047,1
EV-H047-07,work_orders,WO-H047,ready,delivered,2026-08-27T11:00:00Z,Operador demo,PROC-H047,1
EV-H048-00,work_orders,WO-H048,initial,received,2026-08-26T06:00:00Z,Operador demo,PROC-H048,1
EV-H048-01,work_orders,WO-H048,received,inspected,2026-08-26T08:34:17.142857Z,Operador demo,PROC-H048,1
EV-H048-02,work_orders,WO-H048,inspected,authorized,2026-08-26T11:08:34.285714Z,Operador demo,PROC-H048,1
EV-H048-03,work_orders,WO-H048,authorized,scheduled,2026-08-26T13:42:51.428571Z,Operador demo,PROC-H048,1
EV-H048-04,work_orders,WO-H048,scheduled,in_service,2026-08-26T16:17:08.571429Z,Operador demo,PROC-H048,1
EV-H048-05,work_orders,WO-H048,in_service,quality_check,2026-08-26T18:51:25.714286Z,Operador demo,PROC-H048,1
EV-H048-06,work_orders,WO-H048,quality_check,ready,2026-08-26T21:25:42.857143Z,Operador demo,PROC-H048,1
EV-H048-07,work_orders,WO-H048,ready,delivered,2026-08-27T00:00:00Z,Operador demo,PROC-H048,1
EV-H049-00,work_orders,WO-H049,initial,received,2026-08-25T17:00:00Z,Operador demo,PROC-H049,1
EV-H049-01,work_orders,WO-H049,received,inspected,2026-08-25T17:51:25.714286Z,Operador demo,PROC-H049,1
EV-H049-02,work_orders,WO-H049,inspected,authorized,2026-08-25T18:42:51.428571Z,Operador demo,PROC-H049,1
EV-H049-03,work_orders,WO-H049,authorized,scheduled,2026-08-25T19:34:17.142857Z,Operador demo,PROC-H049,1
EV-H049-04,work_orders,WO-H049,scheduled,in_service,2026-08-25T20:25:42.857143Z,Operador demo,PROC-H049,1
EV-H049-05,work_orders,WO-H049,in_service,quality_check,2026-08-25T21:17:08.571429Z,Operador demo,PROC-H049,1
EV-H049-06,work_orders,WO-H049,quality_check,ready,2026-08-25T22:08:34.285714Z,Operador demo,PROC-H049,1
EV-H049-07,work_orders,WO-H049,ready,delivered,2026-08-25T23:00:00Z,Operador demo,PROC-H049,1
EV-H050-00,work_orders,WO-H050,initial,received,2026-08-25T04:00:00Z,Operador demo,PROC-H050,1
EV-H050-01,work_orders,WO-H050,received,inspected,2026-08-25T04:43:38.181818Z,Operador demo,PROC-H050,1
EV-H050-02,work_orders,WO-H050,inspected,authorized,2026-08-25T05:27:16.363636Z,Operador demo,PROC-H050,1
EV-H050-03,work_orders,WO-H050,authorized,waiting_parts,2026-08-25T06:10:54.545455Z,Operador demo,PROC-H050,1
EV-H050-04,work_orders,WO-H050,waiting_parts,scheduled,2026-08-25T06:54:32.727273Z,Operador demo,PROC-H050,1
EV-H050-05,work_orders,WO-H050,scheduled,in_service,2026-08-25T07:38:10.909091Z,Operador demo,PROC-H050,1
EV-H050-06,work_orders,WO-H050,in_service,quality_check,2026-08-25T08:21:49.090909Z,Operador demo,PROC-H050,1
EV-H050-07,work_orders,WO-H050,quality_check,rework,2026-08-25T09:05:27.272727Z,Operador demo,PROC-H050,1
EV-H050-08,work_orders,WO-H050,rework,in_service,2026-08-25T09:49:05.454545Z,Operador demo,PROC-H050,1
EV-H050-09,work_orders,WO-H050,in_service,quality_check,2026-08-25T10:32:43.636364Z,Operador demo,PROC-H050,1
EV-H050-10,work_orders,WO-H050,quality_check,ready,2026-08-25T11:16:21.818182Z,Operador demo,PROC-H050,1
EV-H050-11,work_orders,WO-H050,ready,delivered,2026-08-25T12:00:00Z,Operador demo,PROC-H050,1
EV-H051-00,work_orders,WO-H051,initial,received,2026-08-24T15:00:00Z,Operador demo,PROC-H051,1
EV-H051-01,work_orders,WO-H051,received,inspected,2026-08-24T16:25:42.857143Z,Operador demo,PROC-H051,1
EV-H051-02,work_orders,WO-H051,inspected,authorized,2026-08-24T17:51:25.714286Z,Operador demo,PROC-H051,1
EV-H051-03,work_orders,WO-H051,authorized,scheduled,2026-08-24T19:17:08.571429Z,Operador demo,PROC-H051,1
EV-H051-04,work_orders,WO-H051,scheduled,in_service,2026-08-24T20:42:51.428571Z,Operador demo,PROC-H051,1
EV-H051-05,work_orders,WO-H051,in_service,quality_check,2026-08-24T22:08:34.285714Z,Operador demo,PROC-H051,1
EV-H051-06,work_orders,WO-H051,quality_check,ready,2026-08-24T23:34:17.142857Z,Operador demo,PROC-H051,1
EV-H051-07,work_orders,WO-H051,ready,delivered,2026-08-25T01:00:00Z,Operador demo,PROC-H051,1
EV-H052-00,work_orders,WO-H052,initial,received,2026-08-24T02:00:00Z,Operador demo,PROC-H052,1
EV-H052-01,work_orders,WO-H052,received,inspected,2026-08-24T03:42:51.428571Z,Operador demo,PROC-H052,1
EV-H052-02,work_orders,WO-H052,inspected,authorized,2026-08-24T05:25:42.857143Z,Operador demo,PROC-H052,1
EV-H052-03,work_orders,WO-H052,authorized,scheduled,2026-08-24T07:08:34.285714Z,Operador demo,PROC-H052,1
EV-H052-04,work_orders,WO-H052,scheduled,in_service,2026-08-24T08:51:25.714286Z,Operador demo,PROC-H052,1
EV-H052-05,work_orders,WO-H052,in_service,quality_check,2026-08-24T10:34:17.142857Z,Operador demo,PROC-H052,1
EV-H052-06,work_orders,WO-H052,quality_check,ready,2026-08-24T12:17:08.571429Z,Operador demo,PROC-H052,1
EV-H052-07,work_orders,WO-H052,ready,delivered,2026-08-24T14:00:00Z,Operador demo,PROC-H052,1
EV-H053-00,work_orders,WO-H053,initial,received,2026-08-23T13:00:00Z,Operador demo,PROC-H053,1
EV-H053-01,work_orders,WO-H053,received,inspected,2026-08-23T15:00:00Z,Operador demo,PROC-H053,1
EV-H053-02,work_orders,WO-H053,inspected,authorized,2026-08-23T17:00:00Z,Operador demo,PROC-H053,1
EV-H053-03,work_orders,WO-H053,authorized,scheduled,2026-08-23T19:00:00Z,Operador demo,PROC-H053,1
EV-H053-04,work_orders,WO-H053,scheduled,in_service,2026-08-23T21:00:00Z,Operador demo,PROC-H053,1
EV-H053-05,work_orders,WO-H053,in_service,quality_check,2026-08-23T23:00:00Z,Operador demo,PROC-H053,1
EV-H053-06,work_orders,WO-H053,quality_check,ready,2026-08-24T01:00:00Z,Operador demo,PROC-H053,1
EV-H053-07,work_orders,WO-H053,ready,delivered,2026-08-24T03:00:00Z,Operador demo,PROC-H053,1
EV-H054-00,work_orders,WO-H054,initial,received,2026-08-23T00:00:00Z,Operador demo,PROC-H054,1
EV-H054-01,work_orders,WO-H054,received,inspected,2026-08-23T08:34:17.142857Z,Operador demo,PROC-H054,1
EV-H054-02,work_orders,WO-H054,inspected,authorized,2026-08-23T17:08:34.285714Z,Operador demo,PROC-H054,1
EV-H054-03,work_orders,WO-H054,authorized,scheduled,2026-08-24T01:42:51.428571Z,Operador demo,PROC-H054,1
EV-H054-04,work_orders,WO-H054,scheduled,in_service,2026-08-24T10:17:08.571429Z,Operador demo,PROC-H054,1
EV-H054-05,work_orders,WO-H054,in_service,quality_check,2026-08-24T18:51:25.714286Z,Operador demo,PROC-H054,1
EV-H054-06,work_orders,WO-H054,quality_check,ready,2026-08-25T03:25:42.857143Z,Operador demo,PROC-H054,1
EV-H054-07,work_orders,WO-H054,ready,delivered,2026-08-25T12:00:00Z,Operador demo,PROC-H054,1
EV-H055-00,work_orders,WO-H055,initial,received,2026-08-22T11:00:00Z,Operador demo,PROC-H055,1
EV-H055-01,work_orders,WO-H055,received,inspected,2026-08-22T13:34:17.142857Z,Operador demo,PROC-H055,1
EV-H055-02,work_orders,WO-H055,inspected,authorized,2026-08-22T16:08:34.285714Z,Operador demo,PROC-H055,1
EV-H055-03,work_orders,WO-H055,authorized,scheduled,2026-08-22T18:42:51.428571Z,Operador demo,PROC-H055,1
EV-H055-04,work_orders,WO-H055,scheduled,in_service,2026-08-22T21:17:08.571429Z,Operador demo,PROC-H055,1
EV-H055-05,work_orders,WO-H055,in_service,quality_check,2026-08-22T23:51:25.714286Z,Operador demo,PROC-H055,1
EV-H055-06,work_orders,WO-H055,quality_check,ready,2026-08-23T02:25:42.857143Z,Operador demo,PROC-H055,1
EV-H055-07,work_orders,WO-H055,ready,delivered,2026-08-23T05:00:00Z,Operador demo,PROC-H055,1
EV-H056-00,work_orders,WO-H056,initial,received,2026-08-21T22:00:00Z,Operador demo,PROC-H056,1
EV-H056-01,work_orders,WO-H056,received,inspected,2026-08-21T22:51:25.714286Z,Operador demo,PROC-H056,1
EV-H056-02,work_orders,WO-H056,inspected,authorized,2026-08-21T23:42:51.428571Z,Operador demo,PROC-H056,1
EV-H056-03,work_orders,WO-H056,authorized,scheduled,2026-08-22T00:34:17.142857Z,Operador demo,PROC-H056,1
EV-H056-04,work_orders,WO-H056,scheduled,in_service,2026-08-22T01:25:42.857143Z,Operador demo,PROC-H056,1
EV-H056-05,work_orders,WO-H056,in_service,quality_check,2026-08-22T02:17:08.571429Z,Operador demo,PROC-H056,1
EV-H056-06,work_orders,WO-H056,quality_check,ready,2026-08-22T03:08:34.285714Z,Operador demo,PROC-H056,1
EV-H056-07,work_orders,WO-H056,ready,delivered,2026-08-22T04:00:00Z,Operador demo,PROC-H056,1
EV-H057-00,work_orders,WO-H057,initial,received,2026-08-21T09:00:00Z,Operador demo,PROC-H057,1
EV-H057-01,work_orders,WO-H057,received,inspected,2026-08-21T10:08:34.285714Z,Operador demo,PROC-H057,1
EV-H057-02,work_orders,WO-H057,inspected,authorized,2026-08-21T11:17:08.571429Z,Operador demo,PROC-H057,1
EV-H057-03,work_orders,WO-H057,authorized,scheduled,2026-08-21T12:25:42.857143Z,Operador demo,PROC-H057,1
EV-H057-04,work_orders,WO-H057,scheduled,in_service,2026-08-21T13:34:17.142857Z,Operador demo,PROC-H057,1
EV-H057-05,work_orders,WO-H057,in_service,quality_check,2026-08-21T14:42:51.428571Z,Operador demo,PROC-H057,1
EV-H057-06,work_orders,WO-H057,quality_check,ready,2026-08-21T15:51:25.714286Z,Operador demo,PROC-H057,1
EV-H057-07,work_orders,WO-H057,ready,delivered,2026-08-21T17:00:00Z,Operador demo,PROC-H057,1
EV-H058-00,work_orders,WO-H058,initial,received,2026-08-20T20:00:00Z,Operador demo,PROC-H058,1
EV-H058-01,work_orders,WO-H058,received,inspected,2026-08-20T21:25:42.857143Z,Operador demo,PROC-H058,1
EV-H058-02,work_orders,WO-H058,inspected,authorized,2026-08-20T22:51:25.714286Z,Operador demo,PROC-H058,1
EV-H058-03,work_orders,WO-H058,authorized,scheduled,2026-08-21T00:17:08.571429Z,Operador demo,PROC-H058,1
EV-H058-04,work_orders,WO-H058,scheduled,in_service,2026-08-21T01:42:51.428571Z,Operador demo,PROC-H058,1
EV-H058-05,work_orders,WO-H058,in_service,quality_check,2026-08-21T03:08:34.285714Z,Operador demo,PROC-H058,1
EV-H058-06,work_orders,WO-H058,quality_check,ready,2026-08-21T04:34:17.142857Z,Operador demo,PROC-H058,1
EV-H058-07,work_orders,WO-H058,ready,delivered,2026-08-21T06:00:00Z,Operador demo,PROC-H058,1
EV-H059-00,work_orders,WO-H059,initial,received,2026-08-20T07:00:00Z,Operador demo,PROC-H059,1
EV-H059-01,work_orders,WO-H059,received,inspected,2026-08-20T08:42:51.428571Z,Operador demo,PROC-H059,1
EV-H059-02,work_orders,WO-H059,inspected,authorized,2026-08-20T10:25:42.857143Z,Operador demo,PROC-H059,1
EV-H059-03,work_orders,WO-H059,authorized,scheduled,2026-08-20T12:08:34.285714Z,Operador demo,PROC-H059,1
EV-H059-04,work_orders,WO-H059,scheduled,in_service,2026-08-20T13:51:25.714286Z,Operador demo,PROC-H059,1
EV-H059-05,work_orders,WO-H059,in_service,quality_check,2026-08-20T15:34:17.142857Z,Operador demo,PROC-H059,1
EV-H059-06,work_orders,WO-H059,quality_check,ready,2026-08-20T17:17:08.571429Z,Operador demo,PROC-H059,1
EV-H059-07,work_orders,WO-H059,ready,delivered,2026-08-20T19:00:00Z,Operador demo,PROC-H059,1
EV-H060-00,work_orders,WO-H060,initial,received,2026-08-19T18:00:00Z,Operador demo,PROC-H060,1
EV-H060-01,work_orders,WO-H060,received,inspected,2026-08-19T19:16:21.818182Z,Operador demo,PROC-H060,1
EV-H060-02,work_orders,WO-H060,inspected,authorized,2026-08-19T20:32:43.636364Z,Operador demo,PROC-H060,1
EV-H060-03,work_orders,WO-H060,authorized,waiting_parts,2026-08-19T21:49:05.454545Z,Operador demo,PROC-H060,1
EV-H060-04,work_orders,WO-H060,waiting_parts,scheduled,2026-08-19T23:05:27.272727Z,Operador demo,PROC-H060,1
EV-H060-05,work_orders,WO-H060,scheduled,in_service,2026-08-20T00:21:49.090909Z,Operador demo,PROC-H060,1
EV-H060-06,work_orders,WO-H060,in_service,quality_check,2026-08-20T01:38:10.909091Z,Operador demo,PROC-H060,1
EV-H060-07,work_orders,WO-H060,quality_check,rework,2026-08-20T02:54:32.727273Z,Operador demo,PROC-H060,1
EV-H060-08,work_orders,WO-H060,rework,in_service,2026-08-20T04:10:54.545455Z,Operador demo,PROC-H060,1
EV-H060-09,work_orders,WO-H060,in_service,quality_check,2026-08-20T05:27:16.363636Z,Operador demo,PROC-H060,1
EV-H060-10,work_orders,WO-H060,quality_check,ready,2026-08-20T06:43:38.181818Z,Operador demo,PROC-H060,1
EV-H060-11,work_orders,WO-H060,ready,delivered,2026-08-20T08:00:00Z,Operador demo,PROC-H060,1
EV-H061-00,work_orders,WO-H061,initial,received,2026-08-19T05:00:00Z,Operador demo,PROC-H061,1
EV-H061-01,work_orders,WO-H061,received,inspected,2026-08-19T07:17:08.571429Z,Operador demo,PROC-H061,1
EV-H061-02,work_orders,WO-H061,inspected,authorized,2026-08-19T09:34:17.142857Z,Operador demo,PROC-H061,1
EV-H061-03,work_orders,WO-H061,authorized,scheduled,2026-08-19T11:51:25.714286Z,Operador demo,PROC-H061,1
EV-H061-04,work_orders,WO-H061,scheduled,in_service,2026-08-19T14:08:34.285714Z,Operador demo,PROC-H061,1
EV-H061-05,work_orders,WO-H061,in_service,quality_check,2026-08-19T16:25:42.857143Z,Operador demo,PROC-H061,1
EV-H061-06,work_orders,WO-H061,quality_check,ready,2026-08-19T18:42:51.428571Z,Operador demo,PROC-H061,1
EV-H061-07,work_orders,WO-H061,ready,delivered,2026-08-19T21:00:00Z,Operador demo,PROC-H061,1
EV-H062-00,work_orders,WO-H062,initial,received,2026-08-18T16:00:00Z,Operador demo,PROC-H062,1
EV-H062-01,work_orders,WO-H062,received,inspected,2026-08-18T18:34:17.142857Z,Operador demo,PROC-H062,1
EV-H062-02,work_orders,WO-H062,inspected,authorized,2026-08-18T21:08:34.285714Z,Operador demo,PROC-H062,1
EV-H062-03,work_orders,WO-H062,authorized,scheduled,2026-08-18T23:42:51.428571Z,Operador demo,PROC-H062,1
EV-H062-04,work_orders,WO-H062,scheduled,in_service,2026-08-19T02:17:08.571429Z,Operador demo,PROC-H062,1
EV-H062-05,work_orders,WO-H062,in_service,quality_check,2026-08-19T04:51:25.714286Z,Operador demo,PROC-H062,1
EV-H062-06,work_orders,WO-H062,quality_check,ready,2026-08-19T07:25:42.857143Z,Operador demo,PROC-H062,1
EV-H062-07,work_orders,WO-H062,ready,delivered,2026-08-19T10:00:00Z,Operador demo,PROC-H062,1
EV-H063-00,work_orders,WO-H063,initial,received,2026-08-18T03:00:00Z,Operador demo,PROC-H063,1
EV-H063-01,work_orders,WO-H063,received,inspected,2026-08-18T11:08:34.285714Z,Operador demo,PROC-H063,1
EV-H063-02,work_orders,WO-H063,inspected,authorized,2026-08-18T19:17:08.571429Z,Operador demo,PROC-H063,1
EV-H063-03,work_orders,WO-H063,authorized,scheduled,2026-08-19T03:25:42.857143Z,Operador demo,PROC-H063,1
EV-H063-04,work_orders,WO-H063,scheduled,in_service,2026-08-19T11:34:17.142857Z,Operador demo,PROC-H063,1
EV-H063-05,work_orders,WO-H063,in_service,quality_check,2026-08-19T19:42:51.428571Z,Operador demo,PROC-H063,1
EV-H063-06,work_orders,WO-H063,quality_check,ready,2026-08-20T03:51:25.714286Z,Operador demo,PROC-H063,1
EV-H063-07,work_orders,WO-H063,ready,delivered,2026-08-20T12:00:00Z,Operador demo,PROC-H063,1
EV-H064-00,work_orders,WO-H064,initial,received,2026-08-17T14:00:00Z,Operador demo,PROC-H064,1
EV-H064-01,work_orders,WO-H064,received,inspected,2026-08-17T15:08:34.285714Z,Operador demo,PROC-H064,1
EV-H064-02,work_orders,WO-H064,inspected,authorized,2026-08-17T16:17:08.571429Z,Operador demo,PROC-H064,1
EV-H064-03,work_orders,WO-H064,authorized,scheduled,2026-08-17T17:25:42.857143Z,Operador demo,PROC-H064,1
EV-H064-04,work_orders,WO-H064,scheduled,in_service,2026-08-17T18:34:17.142857Z,Operador demo,PROC-H064,1
EV-H064-05,work_orders,WO-H064,in_service,quality_check,2026-08-17T19:42:51.428571Z,Operador demo,PROC-H064,1
EV-H064-06,work_orders,WO-H064,quality_check,ready,2026-08-17T20:51:25.714286Z,Operador demo,PROC-H064,1
EV-H064-07,work_orders,WO-H064,ready,delivered,2026-08-17T22:00:00Z,Operador demo,PROC-H064,1
EV-H065-00,work_orders,WO-H065,initial,received,2026-08-17T01:00:00Z,Operador demo,PROC-H065,1
EV-H065-01,work_orders,WO-H065,received,inspected,2026-08-17T02:25:42.857143Z,Operador demo,PROC-H065,1
EV-H065-02,work_orders,WO-H065,inspected,authorized,2026-08-17T03:51:25.714286Z,Operador demo,PROC-H065,1
EV-H065-03,work_orders,WO-H065,authorized,scheduled,2026-08-17T05:17:08.571429Z,Operador demo,PROC-H065,1
EV-H065-04,work_orders,WO-H065,scheduled,in_service,2026-08-17T06:42:51.428571Z,Operador demo,PROC-H065,1
EV-H065-05,work_orders,WO-H065,in_service,quality_check,2026-08-17T08:08:34.285714Z,Operador demo,PROC-H065,1
EV-H065-06,work_orders,WO-H065,quality_check,ready,2026-08-17T09:34:17.142857Z,Operador demo,PROC-H065,1
EV-H065-07,work_orders,WO-H065,ready,delivered,2026-08-17T11:00:00Z,Operador demo,PROC-H065,1
EV-H066-00,work_orders,WO-H066,initial,received,2026-08-16T12:00:00Z,Operador demo,PROC-H066,1
EV-H066-01,work_orders,WO-H066,received,inspected,2026-08-16T13:42:51.428571Z,Operador demo,PROC-H066,1
EV-H066-02,work_orders,WO-H066,inspected,authorized,2026-08-16T15:25:42.857143Z,Operador demo,PROC-H066,1
EV-H066-03,work_orders,WO-H066,authorized,scheduled,2026-08-16T17:08:34.285714Z,Operador demo,PROC-H066,1
EV-H066-04,work_orders,WO-H066,scheduled,in_service,2026-08-16T18:51:25.714286Z,Operador demo,PROC-H066,1
EV-H066-05,work_orders,WO-H066,in_service,quality_check,2026-08-16T20:34:17.142857Z,Operador demo,PROC-H066,1
EV-H066-06,work_orders,WO-H066,quality_check,ready,2026-08-16T22:17:08.571429Z,Operador demo,PROC-H066,1
EV-H066-07,work_orders,WO-H066,ready,delivered,2026-08-17T00:00:00Z,Operador demo,PROC-H066,1
EV-H067-00,work_orders,WO-H067,initial,received,2026-08-15T23:00:00Z,Operador demo,PROC-H067,1
EV-H067-01,work_orders,WO-H067,received,inspected,2026-08-16T01:00:00Z,Operador demo,PROC-H067,1
EV-H067-02,work_orders,WO-H067,inspected,authorized,2026-08-16T03:00:00Z,Operador demo,PROC-H067,1
EV-H067-03,work_orders,WO-H067,authorized,scheduled,2026-08-16T05:00:00Z,Operador demo,PROC-H067,1
EV-H067-04,work_orders,WO-H067,scheduled,in_service,2026-08-16T07:00:00Z,Operador demo,PROC-H067,1
EV-H067-05,work_orders,WO-H067,in_service,quality_check,2026-08-16T09:00:00Z,Operador demo,PROC-H067,1
EV-H067-06,work_orders,WO-H067,quality_check,ready,2026-08-16T11:00:00Z,Operador demo,PROC-H067,1
EV-H067-07,work_orders,WO-H067,ready,delivered,2026-08-16T13:00:00Z,Operador demo,PROC-H067,1
EV-H068-00,work_orders,WO-H068,initial,received,2026-08-15T10:00:00Z,Operador demo,PROC-H068,1
EV-H068-01,work_orders,WO-H068,received,inspected,2026-08-15T12:17:08.571429Z,Operador demo,PROC-H068,1
EV-H068-02,work_orders,WO-H068,inspected,authorized,2026-08-15T14:34:17.142857Z,Operador demo,PROC-H068,1
EV-H068-03,work_orders,WO-H068,authorized,scheduled,2026-08-15T16:51:25.714286Z,Operador demo,PROC-H068,1
EV-H068-04,work_orders,WO-H068,scheduled,in_service,2026-08-15T19:08:34.285714Z,Operador demo,PROC-H068,1
EV-H068-05,work_orders,WO-H068,in_service,quality_check,2026-08-15T21:25:42.857143Z,Operador demo,PROC-H068,1
EV-H068-06,work_orders,WO-H068,quality_check,ready,2026-08-15T23:42:51.428571Z,Operador demo,PROC-H068,1
EV-H068-07,work_orders,WO-H068,ready,delivered,2026-08-16T02:00:00Z,Operador demo,PROC-H068,1
EV-H069-00,work_orders,WO-H069,initial,received,2026-08-14T21:00:00Z,Operador demo,PROC-H069,1
EV-H069-01,work_orders,WO-H069,received,inspected,2026-08-14T23:34:17.142857Z,Operador demo,PROC-H069,1
EV-H069-02,work_orders,WO-H069,inspected,authorized,2026-08-15T02:08:34.285714Z,Operador demo,PROC-H069,1
EV-H069-03,work_orders,WO-H069,authorized,scheduled,2026-08-15T04:42:51.428571Z,Operador demo,PROC-H069,1
EV-H069-04,work_orders,WO-H069,scheduled,in_service,2026-08-15T07:17:08.571429Z,Operador demo,PROC-H069,1
EV-H069-05,work_orders,WO-H069,in_service,quality_check,2026-08-15T09:51:25.714286Z,Operador demo,PROC-H069,1
EV-H069-06,work_orders,WO-H069,quality_check,ready,2026-08-15T12:25:42.857143Z,Operador demo,PROC-H069,1
EV-H069-07,work_orders,WO-H069,ready,delivered,2026-08-15T15:00:00Z,Operador demo,PROC-H069,1
EV-H070-00,work_orders,WO-H070,initial,received,2026-08-14T08:00:00Z,Operador demo,PROC-H070,1
EV-H070-01,work_orders,WO-H070,received,inspected,2026-08-14T08:32:43.636364Z,Operador demo,PROC-H070,1
EV-H070-02,work_orders,WO-H070,inspected,authorized,2026-08-14T09:05:27.272727Z,Operador demo,PROC-H070,1
EV-H070-03,work_orders,WO-H070,authorized,waiting_parts,2026-08-14T09:38:10.909091Z,Operador demo,PROC-H070,1
EV-H070-04,work_orders,WO-H070,waiting_parts,scheduled,2026-08-14T10:10:54.545455Z,Operador demo,PROC-H070,1
EV-H070-05,work_orders,WO-H070,scheduled,in_service,2026-08-14T10:43:38.181818Z,Operador demo,PROC-H070,1
EV-H070-06,work_orders,WO-H070,in_service,quality_check,2026-08-14T11:16:21.818182Z,Operador demo,PROC-H070,1
EV-H070-07,work_orders,WO-H070,quality_check,rework,2026-08-14T11:49:05.454545Z,Operador demo,PROC-H070,1
EV-H070-08,work_orders,WO-H070,rework,in_service,2026-08-14T12:21:49.090909Z,Operador demo,PROC-H070,1
EV-H070-09,work_orders,WO-H070,in_service,quality_check,2026-08-14T12:54:32.727273Z,Operador demo,PROC-H070,1
EV-H070-10,work_orders,WO-H070,quality_check,ready,2026-08-14T13:27:16.363636Z,Operador demo,PROC-H070,1
EV-H070-11,work_orders,WO-H070,ready,delivered,2026-08-14T14:00:00Z,Operador demo,PROC-H070,1
EV-H071-00,work_orders,WO-H071,initial,received,2026-08-13T19:00:00Z,Operador demo,PROC-H071,1
EV-H071-01,work_orders,WO-H071,received,inspected,2026-08-13T20:08:34.285714Z,Operador demo,PROC-H071,1
EV-H071-02,work_orders,WO-H071,inspected,authorized,2026-08-13T21:17:08.571429Z,Operador demo,PROC-H071,1
EV-H071-03,work_orders,WO-H071,authorized,scheduled,2026-08-13T22:25:42.857143Z,Operador demo,PROC-H071,1
EV-H071-04,work_orders,WO-H071,scheduled,in_service,2026-08-13T23:34:17.142857Z,Operador demo,PROC-H071,1
EV-H071-05,work_orders,WO-H071,in_service,quality_check,2026-08-14T00:42:51.428571Z,Operador demo,PROC-H071,1
EV-H071-06,work_orders,WO-H071,quality_check,ready,2026-08-14T01:51:25.714286Z,Operador demo,PROC-H071,1
EV-H071-07,work_orders,WO-H071,ready,delivered,2026-08-14T03:00:00Z,Operador demo,PROC-H071,1
EV-H072-00,work_orders,WO-H072,initial,received,2026-08-13T06:00:00Z,Operador demo,PROC-H072,1
EV-H072-01,work_orders,WO-H072,received,inspected,2026-08-13T13:42:51.428571Z,Operador demo,PROC-H072,1
EV-H072-02,work_orders,WO-H072,inspected,authorized,2026-08-13T21:25:42.857143Z,Operador demo,PROC-H072,1
EV-H072-03,work_orders,WO-H072,authorized,scheduled,2026-08-14T05:08:34.285714Z,Operador demo,PROC-H072,1
EV-H072-04,work_orders,WO-H072,scheduled,in_service,2026-08-14T12:51:25.714286Z,Operador demo,PROC-H072,1
EV-H072-05,work_orders,WO-H072,in_service,quality_check,2026-08-14T20:34:17.142857Z,Operador demo,PROC-H072,1
EV-H072-06,work_orders,WO-H072,quality_check,ready,2026-08-15T04:17:08.571429Z,Operador demo,PROC-H072,1
EV-H072-07,work_orders,WO-H072,ready,delivered,2026-08-15T12:00:00Z,Operador demo,PROC-H072,1
EV-H073-00,work_orders,WO-H073,initial,received,2026-08-12T17:00:00Z,Operador demo,PROC-H073,1
EV-H073-01,work_orders,WO-H073,received,inspected,2026-08-12T18:42:51.428571Z,Operador demo,PROC-H073,1
EV-H073-02,work_orders,WO-H073,inspected,authorized,2026-08-12T20:25:42.857143Z,Operador demo,PROC-H073,1
EV-H073-03,work_orders,WO-H073,authorized,scheduled,2026-08-12T22:08:34.285714Z,Operador demo,PROC-H073,1
EV-H073-04,work_orders,WO-H073,scheduled,in_service,2026-08-12T23:51:25.714286Z,Operador demo,PROC-H073,1
EV-H073-05,work_orders,WO-H073,in_service,quality_check,2026-08-13T01:34:17.142857Z,Operador demo,PROC-H073,1
EV-H073-06,work_orders,WO-H073,quality_check,ready,2026-08-13T03:17:08.571429Z,Operador demo,PROC-H073,1
EV-H073-07,work_orders,WO-H073,ready,delivered,2026-08-13T05:00:00Z,Operador demo,PROC-H073,1
EV-H074-00,work_orders,WO-H074,initial,received,2026-08-12T04:00:00Z,Operador demo,PROC-H074,1
EV-H074-01,work_orders,WO-H074,received,inspected,2026-08-12T06:00:00Z,Operador demo,PROC-H074,1
EV-H074-02,work_orders,WO-H074,inspected,authorized,2026-08-12T08:00:00Z,Operador demo,PROC-H074,1
EV-H074-03,work_orders,WO-H074,authorized,scheduled,2026-08-12T10:00:00Z,Operador demo,PROC-H074,1
EV-H074-04,work_orders,WO-H074,scheduled,in_service,2026-08-12T12:00:00Z,Operador demo,PROC-H074,1
EV-H074-05,work_orders,WO-H074,in_service,quality_check,2026-08-12T14:00:00Z,Operador demo,PROC-H074,1
EV-H074-06,work_orders,WO-H074,quality_check,ready,2026-08-12T16:00:00Z,Operador demo,PROC-H074,1
EV-H074-07,work_orders,WO-H074,ready,delivered,2026-08-12T18:00:00Z,Operador demo,PROC-H074,1
EV-H075-00,work_orders,WO-H075,initial,received,2026-08-11T15:00:00Z,Operador demo,PROC-H075,1
EV-H075-01,work_orders,WO-H075,received,inspected,2026-08-11T17:17:08.571429Z,Operador demo,PROC-H075,1
EV-H075-02,work_orders,WO-H075,inspected,authorized,2026-08-11T19:34:17.142857Z,Operador demo,PROC-H075,1
EV-H075-03,work_orders,WO-H075,authorized,scheduled,2026-08-11T21:51:25.714286Z,Operador demo,PROC-H075,1
EV-H075-04,work_orders,WO-H075,scheduled,in_service,2026-08-12T00:08:34.285714Z,Operador demo,PROC-H075,1
EV-H075-05,work_orders,WO-H075,in_service,quality_check,2026-08-12T02:25:42.857143Z,Operador demo,PROC-H075,1
EV-H075-06,work_orders,WO-H075,quality_check,ready,2026-08-12T04:42:51.428571Z,Operador demo,PROC-H075,1
EV-H075-07,work_orders,WO-H075,ready,delivered,2026-08-12T07:00:00Z,Operador demo,PROC-H075,1
EV-H076-00,work_orders,WO-H076,initial,received,2026-08-11T02:00:00Z,Operador demo,PROC-H076,1
EV-H076-01,work_orders,WO-H076,received,inspected,2026-08-11T04:34:17.142857Z,Operador demo,PROC-H076,1
EV-H076-02,work_orders,WO-H076,inspected,authorized,2026-08-11T07:08:34.285714Z,Operador demo,PROC-H076,1
EV-H076-03,work_orders,WO-H076,authorized,scheduled,2026-08-11T09:42:51.428571Z,Operador demo,PROC-H076,1
EV-H076-04,work_orders,WO-H076,scheduled,in_service,2026-08-11T12:17:08.571429Z,Operador demo,PROC-H076,1
EV-H076-05,work_orders,WO-H076,in_service,quality_check,2026-08-11T14:51:25.714286Z,Operador demo,PROC-H076,1
EV-H076-06,work_orders,WO-H076,quality_check,ready,2026-08-11T17:25:42.857143Z,Operador demo,PROC-H076,1
EV-H076-07,work_orders,WO-H076,ready,delivered,2026-08-11T20:00:00Z,Operador demo,PROC-H076,1
EV-H077-00,work_orders,WO-H077,initial,received,2026-08-10T13:00:00Z,Operador demo,PROC-H077,1
EV-H077-01,work_orders,WO-H077,received,inspected,2026-08-10T13:51:25.714286Z,Operador demo,PROC-H077,1
EV-H077-02,work_orders,WO-H077,inspected,authorized,2026-08-10T14:42:51.428571Z,Operador demo,PROC-H077,1
EV-H077-03,work_orders,WO-H077,authorized,scheduled,2026-08-10T15:34:17.142857Z,Operador demo,PROC-H077,1
EV-H077-04,work_orders,WO-H077,scheduled,in_service,2026-08-10T16:25:42.857143Z,Operador demo,PROC-H077,1
EV-H077-05,work_orders,WO-H077,in_service,quality_check,2026-08-10T17:17:08.571429Z,Operador demo,PROC-H077,1
EV-H077-06,work_orders,WO-H077,quality_check,ready,2026-08-10T18:08:34.285714Z,Operador demo,PROC-H077,1
EV-H077-07,work_orders,WO-H077,ready,delivered,2026-08-10T19:00:00Z,Operador demo,PROC-H077,1
EV-H078-00,work_orders,WO-H078,initial,received,2026-08-10T00:00:00Z,Operador demo,PROC-H078,1
EV-H078-01,work_orders,WO-H078,received,inspected,2026-08-10T01:08:34.285714Z,Operador demo,PROC-H078,1
EV-H078-02,work_orders,WO-H078,inspected,authorized,2026-08-10T02:17:08.571429Z,Operador demo,PROC-H078,1
EV-H078-03,work_orders,WO-H078,authorized,scheduled,2026-08-10T03:25:42.857143Z,Operador demo,PROC-H078,1
EV-H078-04,work_orders,WO-H078,scheduled,in_service,2026-08-10T04:34:17.142857Z,Operador demo,PROC-H078,1
EV-H078-05,work_orders,WO-H078,in_service,quality_check,2026-08-10T05:42:51.428571Z,Operador demo,PROC-H078,1
EV-H078-06,work_orders,WO-H078,quality_check,ready,2026-08-10T06:51:25.714286Z,Operador demo,PROC-H078,1
EV-H078-07,work_orders,WO-H078,ready,delivered,2026-08-10T08:00:00Z,Operador demo,PROC-H078,1
EV-H079-00,work_orders,WO-H079,initial,received,2026-08-09T11:00:00Z,Operador demo,PROC-H079,1
EV-H079-01,work_orders,WO-H079,received,inspected,2026-08-09T12:25:42.857143Z,Operador demo,PROC-H079,1
EV-H079-02,work_orders,WO-H079,inspected,authorized,2026-08-09T13:51:25.714286Z,Operador demo,PROC-H079,1
EV-H079-03,work_orders,WO-H079,authorized,scheduled,2026-08-09T15:17:08.571429Z,Operador demo,PROC-H079,1
EV-H079-04,work_orders,WO-H079,scheduled,in_service,2026-08-09T16:42:51.428571Z,Operador demo,PROC-H079,1
EV-H079-05,work_orders,WO-H079,in_service,quality_check,2026-08-09T18:08:34.285714Z,Operador demo,PROC-H079,1
EV-H079-06,work_orders,WO-H079,quality_check,ready,2026-08-09T19:34:17.142857Z,Operador demo,PROC-H079,1
EV-H079-07,work_orders,WO-H079,ready,delivered,2026-08-09T21:00:00Z,Operador demo,PROC-H079,1
EV-H080-00,work_orders,WO-H080,initial,received,2026-08-08T22:00:00Z,Operador demo,PROC-H080,1
EV-H080-01,work_orders,WO-H080,received,inspected,2026-08-08T23:05:27.272727Z,Operador demo,PROC-H080,1
EV-H080-02,work_orders,WO-H080,inspected,authorized,2026-08-09T00:10:54.545455Z,Operador demo,PROC-H080,1
EV-H080-03,work_orders,WO-H080,authorized,waiting_parts,2026-08-09T01:16:21.818182Z,Operador demo,PROC-H080,1
EV-H080-04,work_orders,WO-H080,waiting_parts,scheduled,2026-08-09T02:21:49.090909Z,Operador demo,PROC-H080,1
EV-H080-05,work_orders,WO-H080,scheduled,in_service,2026-08-09T03:27:16.363636Z,Operador demo,PROC-H080,1
EV-H080-06,work_orders,WO-H080,in_service,quality_check,2026-08-09T04:32:43.636364Z,Operador demo,PROC-H080,1
EV-H080-07,work_orders,WO-H080,quality_check,rework,2026-08-09T05:38:10.909091Z,Operador demo,PROC-H080,1
EV-H080-08,work_orders,WO-H080,rework,in_service,2026-08-09T06:43:38.181818Z,Operador demo,PROC-H080,1
EV-H080-09,work_orders,WO-H080,in_service,quality_check,2026-08-09T07:49:05.454545Z,Operador demo,PROC-H080,1
EV-H080-10,work_orders,WO-H080,quality_check,ready,2026-08-09T08:54:32.727273Z,Operador demo,PROC-H080,1
EV-H080-11,work_orders,WO-H080,ready,delivered,2026-08-09T10:00:00Z,Operador demo,PROC-H080,1
EV-H081-00,work_orders,WO-H081,initial,received,2026-08-08T09:00:00Z,Operador demo,PROC-H081,1
EV-H081-01,work_orders,WO-H081,received,inspected,2026-08-08T18:00:00Z,Operador demo,PROC-H081,1
EV-H081-02,work_orders,WO-H081,inspected,authorized,2026-08-09T03:00:00Z,Operador demo,PROC-H081,1
EV-H081-03,work_orders,WO-H081,authorized,scheduled,2026-08-09T12:00:00Z,Operador demo,PROC-H081,1
EV-H081-04,work_orders,WO-H081,scheduled,in_service,2026-08-09T21:00:00Z,Operador demo,PROC-H081,1
EV-H081-05,work_orders,WO-H081,in_service,quality_check,2026-08-10T06:00:00Z,Operador demo,PROC-H081,1
EV-H081-06,work_orders,WO-H081,quality_check,ready,2026-08-10T15:00:00Z,Operador demo,PROC-H081,1
EV-H081-07,work_orders,WO-H081,ready,delivered,2026-08-11T00:00:00Z,Operador demo,PROC-H081,1
EV-H082-00,work_orders,WO-H082,initial,received,2026-08-07T20:00:00Z,Operador demo,PROC-H082,1
EV-H082-01,work_orders,WO-H082,received,inspected,2026-08-07T22:17:08.571429Z,Operador demo,PROC-H082,1
EV-H082-02,work_orders,WO-H082,inspected,authorized,2026-08-08T00:34:17.142857Z,Operador demo,PROC-H082,1
EV-H082-03,work_orders,WO-H082,authorized,scheduled,2026-08-08T02:51:25.714286Z,Operador demo,PROC-H082,1
EV-H082-04,work_orders,WO-H082,scheduled,in_service,2026-08-08T05:08:34.285714Z,Operador demo,PROC-H082,1
EV-H082-05,work_orders,WO-H082,in_service,quality_check,2026-08-08T07:25:42.857143Z,Operador demo,PROC-H082,1
EV-H082-06,work_orders,WO-H082,quality_check,ready,2026-08-08T09:42:51.428571Z,Operador demo,PROC-H082,1
EV-H082-07,work_orders,WO-H082,ready,delivered,2026-08-08T12:00:00Z,Operador demo,PROC-H082,1
EV-H083-00,work_orders,WO-H083,initial,received,2026-08-07T07:00:00Z,Operador demo,PROC-H083,1
EV-H083-01,work_orders,WO-H083,received,inspected,2026-08-07T09:34:17.142857Z,Operador demo,PROC-H083,1
EV-H083-02,work_orders,WO-H083,inspected,authorized,2026-08-07T12:08:34.285714Z,Operador demo,PROC-H083,1
EV-H083-03,work_orders,WO-H083,authorized,scheduled,2026-08-07T14:42:51.428571Z,Operador demo,PROC-H083,1
EV-H083-04,work_orders,WO-H083,scheduled,in_service,2026-08-07T17:17:08.571429Z,Operador demo,PROC-H083,1
EV-H083-05,work_orders,WO-H083,in_service,quality_check,2026-08-07T19:51:25.714286Z,Operador demo,PROC-H083,1
EV-H083-06,work_orders,WO-H083,quality_check,ready,2026-08-07T22:25:42.857143Z,Operador demo,PROC-H083,1
EV-H083-07,work_orders,WO-H083,ready,delivered,2026-08-08T01:00:00Z,Operador demo,PROC-H083,1
EV-H084-00,work_orders,WO-H084,initial,received,2026-08-06T18:00:00Z,Operador demo,PROC-H084,1
EV-H084-01,work_orders,WO-H084,received,inspected,2026-08-06T18:51:25.714286Z,Operador demo,PROC-H084,1
EV-H084-02,work_orders,WO-H084,inspected,authorized,2026-08-06T19:42:51.428571Z,Operador demo,PROC-H084,1
EV-H084-03,work_orders,WO-H084,authorized,scheduled,2026-08-06T20:34:17.142857Z,Operador demo,PROC-H084,1
EV-H084-04,work_orders,WO-H084,scheduled,in_service,2026-08-06T21:25:42.857143Z,Operador demo,PROC-H084,1
EV-H084-05,work_orders,WO-H084,in_service,quality_check,2026-08-06T22:17:08.571429Z,Operador demo,PROC-H084,1
EV-H084-06,work_orders,WO-H084,quality_check,ready,2026-08-06T23:08:34.285714Z,Operador demo,PROC-H084,1
EV-H084-07,work_orders,WO-H084,ready,delivered,2026-08-07T00:00:00Z,Operador demo,PROC-H084,1
EV-H085-00,work_orders,WO-H085,initial,received,2026-08-06T05:00:00Z,Operador demo,PROC-H085,1
EV-H085-01,work_orders,WO-H085,received,inspected,2026-08-06T06:08:34.285714Z,Operador demo,PROC-H085,1
EV-H085-02,work_orders,WO-H085,inspected,authorized,2026-08-06T07:17:08.571429Z,Operador demo,PROC-H085,1
EV-H085-03,work_orders,WO-H085,authorized,scheduled,2026-08-06T08:25:42.857143Z,Operador demo,PROC-H085,1
EV-H085-04,work_orders,WO-H085,scheduled,in_service,2026-08-06T09:34:17.142857Z,Operador demo,PROC-H085,1
EV-H085-05,work_orders,WO-H085,in_service,quality_check,2026-08-06T10:42:51.428571Z,Operador demo,PROC-H085,1
EV-H085-06,work_orders,WO-H085,quality_check,ready,2026-08-06T11:51:25.714286Z,Operador demo,PROC-H085,1
EV-H085-07,work_orders,WO-H085,ready,delivered,2026-08-06T13:00:00Z,Operador demo,PROC-H085,1
EV-H086-00,work_orders,WO-H086,initial,received,2026-08-05T16:00:00Z,Operador demo,PROC-H086,1
EV-H086-01,work_orders,WO-H086,received,inspected,2026-08-05T17:25:42.857143Z,Operador demo,PROC-H086,1
EV-H086-02,work_orders,WO-H086,inspected,authorized,2026-08-05T18:51:25.714286Z,Operador demo,PROC-H086,1
EV-H086-03,work_orders,WO-H086,authorized,scheduled,2026-08-05T20:17:08.571429Z,Operador demo,PROC-H086,1
EV-H086-04,work_orders,WO-H086,scheduled,in_service,2026-08-05T21:42:51.428571Z,Operador demo,PROC-H086,1
EV-H086-05,work_orders,WO-H086,in_service,quality_check,2026-08-05T23:08:34.285714Z,Operador demo,PROC-H086,1
EV-H086-06,work_orders,WO-H086,quality_check,ready,2026-08-06T00:34:17.142857Z,Operador demo,PROC-H086,1
EV-H086-07,work_orders,WO-H086,ready,delivered,2026-08-06T02:00:00Z,Operador demo,PROC-H086,1
EV-H087-00,work_orders,WO-H087,initial,received,2026-08-05T03:00:00Z,Operador demo,PROC-H087,1
EV-H087-01,work_orders,WO-H087,received,inspected,2026-08-05T04:42:51.428571Z,Operador demo,PROC-H087,1
EV-H087-02,work_orders,WO-H087,inspected,authorized,2026-08-05T06:25:42.857143Z,Operador demo,PROC-H087,1
EV-H087-03,work_orders,WO-H087,authorized,scheduled,2026-08-05T08:08:34.285714Z,Operador demo,PROC-H087,1
EV-H087-04,work_orders,WO-H087,scheduled,in_service,2026-08-05T09:51:25.714286Z,Operador demo,PROC-H087,1
EV-H087-05,work_orders,WO-H087,in_service,quality_check,2026-08-05T11:34:17.142857Z,Operador demo,PROC-H087,1
EV-H087-06,work_orders,WO-H087,quality_check,ready,2026-08-05T13:17:08.571429Z,Operador demo,PROC-H087,1
EV-H087-07,work_orders,WO-H087,ready,delivered,2026-08-05T15:00:00Z,Operador demo,PROC-H087,1
EV-H088-00,work_orders,WO-H088,initial,received,2026-08-04T14:00:00Z,Operador demo,PROC-H088,1
EV-H088-01,work_orders,WO-H088,received,inspected,2026-08-04T16:00:00Z,Operador demo,PROC-H088,1
EV-H088-02,work_orders,WO-H088,inspected,authorized,2026-08-04T18:00:00Z,Operador demo,PROC-H088,1
EV-H088-03,work_orders,WO-H088,authorized,scheduled,2026-08-04T20:00:00Z,Operador demo,PROC-H088,1
EV-H088-04,work_orders,WO-H088,scheduled,in_service,2026-08-04T22:00:00Z,Operador demo,PROC-H088,1
EV-H088-05,work_orders,WO-H088,in_service,quality_check,2026-08-05T00:00:00Z,Operador demo,PROC-H088,1
EV-H088-06,work_orders,WO-H088,quality_check,ready,2026-08-05T02:00:00Z,Operador demo,PROC-H088,1
EV-H088-07,work_orders,WO-H088,ready,delivered,2026-08-05T04:00:00Z,Operador demo,PROC-H088,1
EV-H089-00,work_orders,WO-H089,initial,received,2026-08-04T01:00:00Z,Operador demo,PROC-H089,1
EV-H089-01,work_orders,WO-H089,received,inspected,2026-08-04T03:17:08.571429Z,Operador demo,PROC-H089,1
EV-H089-02,work_orders,WO-H089,inspected,authorized,2026-08-04T05:34:17.142857Z,Operador demo,PROC-H089,1
EV-H089-03,work_orders,WO-H089,authorized,scheduled,2026-08-04T07:51:25.714286Z,Operador demo,PROC-H089,1
EV-H089-04,work_orders,WO-H089,scheduled,in_service,2026-08-04T10:08:34.285714Z,Operador demo,PROC-H089,1
EV-H089-05,work_orders,WO-H089,in_service,quality_check,2026-08-04T12:25:42.857143Z,Operador demo,PROC-H089,1
EV-H089-06,work_orders,WO-H089,quality_check,ready,2026-08-04T14:42:51.428571Z,Operador demo,PROC-H089,1
EV-H089-07,work_orders,WO-H089,ready,delivered,2026-08-04T17:00:00Z,Operador demo,PROC-H089,1
EV-H090-00,work_orders,WO-H090,initial,received,2026-08-03T12:00:00Z,Operador demo,PROC-H090,1
EV-H090-01,work_orders,WO-H090,received,inspected,2026-08-03T17:27:16.363636Z,Operador demo,PROC-H090,1
EV-H090-02,work_orders,WO-H090,inspected,authorized,2026-08-03T22:54:32.727273Z,Operador demo,PROC-H090,1
EV-H090-03,work_orders,WO-H090,authorized,waiting_parts,2026-08-04T04:21:49.090909Z,Operador demo,PROC-H090,1
EV-H090-04,work_orders,WO-H090,waiting_parts,scheduled,2026-08-04T09:49:05.454545Z,Operador demo,PROC-H090,1
EV-H090-05,work_orders,WO-H090,scheduled,in_service,2026-08-04T15:16:21.818182Z,Operador demo,PROC-H090,1
EV-H090-06,work_orders,WO-H090,in_service,quality_check,2026-08-04T20:43:38.181818Z,Operador demo,PROC-H090,1
EV-H090-07,work_orders,WO-H090,quality_check,rework,2026-08-05T02:10:54.545455Z,Operador demo,PROC-H090,1
EV-H090-08,work_orders,WO-H090,rework,in_service,2026-08-05T07:38:10.909091Z,Operador demo,PROC-H090,1
EV-H090-09,work_orders,WO-H090,in_service,quality_check,2026-08-05T13:05:27.272727Z,Operador demo,PROC-H090,1
EV-H090-10,work_orders,WO-H090,quality_check,ready,2026-08-05T18:32:43.636364Z,Operador demo,PROC-H090,1
EV-H090-11,work_orders,WO-H090,ready,delivered,2026-08-06T00:00:00Z,Operador demo,PROC-H090,1
EV-H091-00,work_orders,WO-H091,initial,received,2026-08-02T23:00:00Z,Operador demo,PROC-H091,1
EV-H091-01,work_orders,WO-H091,received,inspected,2026-08-02T23:51:25.714286Z,Operador demo,PROC-H091,1
EV-H091-02,work_orders,WO-H091,inspected,authorized,2026-08-03T00:42:51.428571Z,Operador demo,PROC-H091,1
EV-H091-03,work_orders,WO-H091,authorized,scheduled,2026-08-03T01:34:17.142857Z,Operador demo,PROC-H091,1
EV-H091-04,work_orders,WO-H091,scheduled,in_service,2026-08-03T02:25:42.857143Z,Operador demo,PROC-H091,1
EV-H091-05,work_orders,WO-H091,in_service,quality_check,2026-08-03T03:17:08.571429Z,Operador demo,PROC-H091,1
EV-H091-06,work_orders,WO-H091,quality_check,ready,2026-08-03T04:08:34.285714Z,Operador demo,PROC-H091,1
EV-H091-07,work_orders,WO-H091,ready,delivered,2026-08-03T05:00:00Z,Operador demo,PROC-H091,1
EV-H092-00,work_orders,WO-H092,initial,received,2026-08-02T10:00:00Z,Operador demo,PROC-H092,1
EV-H092-01,work_orders,WO-H092,received,inspected,2026-08-02T11:08:34.285714Z,Operador demo,PROC-H092,1
EV-H092-02,work_orders,WO-H092,inspected,authorized,2026-08-02T12:17:08.571429Z,Operador demo,PROC-H092,1
EV-H092-03,work_orders,WO-H092,authorized,scheduled,2026-08-02T13:25:42.857143Z,Operador demo,PROC-H092,1
EV-H092-04,work_orders,WO-H092,scheduled,in_service,2026-08-02T14:34:17.142857Z,Operador demo,PROC-H092,1
EV-H092-05,work_orders,WO-H092,in_service,quality_check,2026-08-02T15:42:51.428571Z,Operador demo,PROC-H092,1
EV-H092-06,work_orders,WO-H092,quality_check,ready,2026-08-02T16:51:25.714286Z,Operador demo,PROC-H092,1
EV-H092-07,work_orders,WO-H092,ready,delivered,2026-08-02T18:00:00Z,Operador demo,PROC-H092,1
EV-H093-00,work_orders,WO-H093,initial,received,2026-08-01T21:00:00Z,Operador demo,PROC-H093,1
EV-H093-01,work_orders,WO-H093,received,inspected,2026-08-01T22:25:42.857143Z,Operador demo,PROC-H093,1
EV-H093-02,work_orders,WO-H093,inspected,authorized,2026-08-01T23:51:25.714286Z,Operador demo,PROC-H093,1
EV-H093-03,work_orders,WO-H093,authorized,scheduled,2026-08-02T01:17:08.571429Z,Operador demo,PROC-H093,1
EV-H093-04,work_orders,WO-H093,scheduled,in_service,2026-08-02T02:42:51.428571Z,Operador demo,PROC-H093,1
EV-H093-05,work_orders,WO-H093,in_service,quality_check,2026-08-02T04:08:34.285714Z,Operador demo,PROC-H093,1
EV-H093-06,work_orders,WO-H093,quality_check,ready,2026-08-02T05:34:17.142857Z,Operador demo,PROC-H093,1
EV-H093-07,work_orders,WO-H093,ready,delivered,2026-08-02T07:00:00Z,Operador demo,PROC-H093,1
EV-H094-00,work_orders,WO-H094,initial,received,2026-08-01T08:00:00Z,Operador demo,PROC-H094,1
EV-H094-01,work_orders,WO-H094,received,inspected,2026-08-01T09:42:51.428571Z,Operador demo,PROC-H094,1
EV-H094-02,work_orders,WO-H094,inspected,authorized,2026-08-01T11:25:42.857143Z,Operador demo,PROC-H094,1
EV-H094-03,work_orders,WO-H094,authorized,scheduled,2026-08-01T13:08:34.285714Z,Operador demo,PROC-H094,1
EV-H094-04,work_orders,WO-H094,scheduled,in_service,2026-08-01T14:51:25.714286Z,Operador demo,PROC-H094,1
EV-H094-05,work_orders,WO-H094,in_service,quality_check,2026-08-01T16:34:17.142857Z,Operador demo,PROC-H094,1
EV-H094-06,work_orders,WO-H094,quality_check,ready,2026-08-01T18:17:08.571429Z,Operador demo,PROC-H094,1
EV-H094-07,work_orders,WO-H094,ready,delivered,2026-08-01T20:00:00Z,Operador demo,PROC-H094,1
EV-H095-00,work_orders,WO-H095,initial,received,2026-07-31T19:00:00Z,Operador demo,PROC-H095,1
EV-H095-01,work_orders,WO-H095,received,inspected,2026-07-31T21:00:00Z,Operador demo,PROC-H095,1
EV-H095-02,work_orders,WO-H095,inspected,authorized,2026-07-31T23:00:00Z,Operador demo,PROC-H095,1
EV-H095-03,work_orders,WO-H095,authorized,scheduled,2026-08-01T01:00:00Z,Operador demo,PROC-H095,1
EV-H095-04,work_orders,WO-H095,scheduled,in_service,2026-08-01T03:00:00Z,Operador demo,PROC-H095,1
EV-H095-05,work_orders,WO-H095,in_service,quality_check,2026-08-01T05:00:00Z,Operador demo,PROC-H095,1
EV-H095-06,work_orders,WO-H095,quality_check,ready,2026-08-01T07:00:00Z,Operador demo,PROC-H095,1
EV-H095-07,work_orders,WO-H095,ready,delivered,2026-08-01T09:00:00Z,Operador demo,PROC-H095,1
EV-H096-00,work_orders,WO-H096,initial,received,2026-07-31T06:00:00Z,Operador demo,PROC-H096,1
EV-H096-01,work_orders,WO-H096,received,inspected,2026-07-31T08:17:08.571429Z,Operador demo,PROC-H096,1
EV-H096-02,work_orders,WO-H096,inspected,authorized,2026-07-31T10:34:17.142857Z,Operador demo,PROC-H096,1
EV-H096-03,work_orders,WO-H096,authorized,scheduled,2026-07-31T12:51:25.714286Z,Operador demo,PROC-H096,1
EV-H096-04,work_orders,WO-H096,scheduled,in_service,2026-07-31T15:08:34.285714Z,Operador demo,PROC-H096,1
EV-H096-05,work_orders,WO-H096,in_service,quality_check,2026-07-31T17:25:42.857143Z,Operador demo,PROC-H096,1
EV-H096-06,work_orders,WO-H096,quality_check,ready,2026-07-31T19:42:51.428571Z,Operador demo,PROC-H096,1
EV-H096-07,work_orders,WO-H096,ready,delivered,2026-07-31T22:00:00Z,Operador demo,PROC-H096,1
EV-H097-00,work_orders,WO-H097,initial,received,2026-07-30T17:00:00Z,Operador demo,PROC-H097,1
EV-H097-01,work_orders,WO-H097,received,inspected,2026-07-30T19:34:17.142857Z,Operador demo,PROC-H097,1
EV-H097-02,work_orders,WO-H097,inspected,authorized,2026-07-30T22:08:34.285714Z,Operador demo,PROC-H097,1
EV-H097-03,work_orders,WO-H097,authorized,scheduled,2026-07-31T00:42:51.428571Z,Operador demo,PROC-H097,1
EV-H097-04,work_orders,WO-H097,scheduled,in_service,2026-07-31T03:17:08.571429Z,Operador demo,PROC-H097,1
EV-H097-05,work_orders,WO-H097,in_service,quality_check,2026-07-31T05:51:25.714286Z,Operador demo,PROC-H097,1
EV-H097-06,work_orders,WO-H097,quality_check,ready,2026-07-31T08:25:42.857143Z,Operador demo,PROC-H097,1
EV-H097-07,work_orders,WO-H097,ready,delivered,2026-07-31T11:00:00Z,Operador demo,PROC-H097,1
EV-H098-00,work_orders,WO-H098,initial,received,2026-07-30T04:00:00Z,Operador demo,PROC-H098,1
EV-H098-01,work_orders,WO-H098,received,inspected,2026-07-30T04:51:25.714286Z,Operador demo,PROC-H098,1
EV-H098-02,work_orders,WO-H098,inspected,authorized,2026-07-30T05:42:51.428571Z,Operador demo,PROC-H098,1
EV-H098-03,work_orders,WO-H098,authorized,scheduled,2026-07-30T06:34:17.142857Z,Operador demo,PROC-H098,1
EV-H098-04,work_orders,WO-H098,scheduled,in_service,2026-07-30T07:25:42.857143Z,Operador demo,PROC-H098,1
EV-H098-05,work_orders,WO-H098,in_service,quality_check,2026-07-30T08:17:08.571429Z,Operador demo,PROC-H098,1
EV-H098-06,work_orders,WO-H098,quality_check,ready,2026-07-30T09:08:34.285714Z,Operador demo,PROC-H098,1
EV-H098-07,work_orders,WO-H098,ready,delivered,2026-07-30T10:00:00Z,Operador demo,PROC-H098,1
EV-H099-00,work_orders,WO-H099,initial,received,2026-07-29T15:00:00Z,Operador demo,PROC-H099,1
EV-H099-01,work_orders,WO-H099,received,inspected,2026-07-29T23:08:34.285714Z,Operador demo,PROC-H099,1
EV-H099-02,work_orders,WO-H099,inspected,authorized,2026-07-30T07:17:08.571429Z,Operador demo,PROC-H099,1
EV-H099-03,work_orders,WO-H099,authorized,scheduled,2026-07-30T15:25:42.857143Z,Operador demo,PROC-H099,1
EV-H099-04,work_orders,WO-H099,scheduled,in_service,2026-07-30T23:34:17.142857Z,Operador demo,PROC-H099,1
EV-H099-05,work_orders,WO-H099,in_service,quality_check,2026-07-31T07:42:51.428571Z,Operador demo,PROC-H099,1
EV-H099-06,work_orders,WO-H099,quality_check,ready,2026-07-31T15:51:25.714286Z,Operador demo,PROC-H099,1
EV-H099-07,work_orders,WO-H099,ready,delivered,2026-08-01T00:00:00Z,Operador demo,PROC-H099,1
EV-H100-00,work_orders,WO-H100,initial,received,2026-07-29T02:00:00Z,Operador demo,PROC-H100,1
EV-H100-01,work_orders,WO-H100,received,inspected,2026-07-29T02:54:32.727273Z,Operador demo,PROC-H100,1
EV-H100-02,work_orders,WO-H100,inspected,authorized,2026-07-29T03:49:05.454545Z,Operador demo,PROC-H100,1
EV-H100-03,work_orders,WO-H100,authorized,waiting_parts,2026-07-29T04:43:38.181818Z,Operador demo,PROC-H100,1
EV-H100-04,work_orders,WO-H100,waiting_parts,scheduled,2026-07-29T05:38:10.909091Z,Operador demo,PROC-H100,1
EV-H100-05,work_orders,WO-H100,scheduled,in_service,2026-07-29T06:32:43.636364Z,Operador demo,PROC-H100,1
EV-H100-06,work_orders,WO-H100,in_service,quality_check,2026-07-29T07:27:16.363636Z,Operador demo,PROC-H100,1
EV-H100-07,work_orders,WO-H100,quality_check,rework,2026-07-29T08:21:49.090909Z,Operador demo,PROC-H100,1
EV-H100-08,work_orders,WO-H100,rework,in_service,2026-07-29T09:16:21.818182Z,Operador demo,PROC-H100,1
EV-H100-09,work_orders,WO-H100,in_service,quality_check,2026-07-29T10:10:54.545455Z,Operador demo,PROC-H100,1
EV-H100-10,work_orders,WO-H100,quality_check,ready,2026-07-29T11:05:27.272727Z,Operador demo,PROC-H100,1
EV-H100-11,work_orders,WO-H100,ready,delivered,2026-07-29T12:00:00Z,Operador demo,PROC-H100,1
EV-H101-00,work_orders,WO-H101,initial,received,2026-07-28T13:00:00Z,Operador demo,PROC-H101,1
EV-H101-01,work_orders,WO-H101,received,inspected,2026-07-28T14:42:51.428571Z,Operador demo,PROC-H101,1
EV-H101-02,work_orders,WO-H101,inspected,authorized,2026-07-28T16:25:42.857143Z,Operador demo,PROC-H101,1
EV-H101-03,work_orders,WO-H101,authorized,scheduled,2026-07-28T18:08:34.285714Z,Operador demo,PROC-H101,1
EV-H101-04,work_orders,WO-H101,scheduled,in_service,2026-07-28T19:51:25.714286Z,Operador demo,PROC-H101,1
EV-H101-05,work_orders,WO-H101,in_service,quality_check,2026-07-28T21:34:17.142857Z,Operador demo,PROC-H101,1
EV-H101-06,work_orders,WO-H101,quality_check,ready,2026-07-28T23:17:08.571429Z,Operador demo,PROC-H101,1
EV-H101-07,work_orders,WO-H101,ready,delivered,2026-07-29T01:00:00Z,Operador demo,PROC-H101,1
EV-H102-00,work_orders,WO-H102,initial,received,2026-07-28T00:00:00Z,Operador demo,PROC-H102,1
EV-H102-01,work_orders,WO-H102,received,inspected,2026-07-28T02:00:00Z,Operador demo,PROC-H102,1
EV-H102-02,work_orders,WO-H102,inspected,authorized,2026-07-28T04:00:00Z,Operador demo,PROC-H102,1
EV-H102-03,work_orders,WO-H102,authorized,scheduled,2026-07-28T06:00:00Z,Operador demo,PROC-H102,1
EV-H102-04,work_orders,WO-H102,scheduled,in_service,2026-07-28T08:00:00Z,Operador demo,PROC-H102,1
EV-H102-05,work_orders,WO-H102,in_service,quality_check,2026-07-28T10:00:00Z,Operador demo,PROC-H102,1
EV-H102-06,work_orders,WO-H102,quality_check,ready,2026-07-28T12:00:00Z,Operador demo,PROC-H102,1
EV-H102-07,work_orders,WO-H102,ready,delivered,2026-07-28T14:00:00Z,Operador demo,PROC-H102,1
EV-H103-00,work_orders,WO-H103,initial,received,2026-07-27T11:00:00Z,Operador demo,PROC-H103,1
EV-H103-01,work_orders,WO-H103,received,inspected,2026-07-27T13:17:08.571429Z,Operador demo,PROC-H103,1
EV-H103-02,work_orders,WO-H103,inspected,authorized,2026-07-27T15:34:17.142857Z,Operador demo,PROC-H103,1
EV-H103-03,work_orders,WO-H103,authorized,scheduled,2026-07-27T17:51:25.714286Z,Operador demo,PROC-H103,1
EV-H103-04,work_orders,WO-H103,scheduled,in_service,2026-07-27T20:08:34.285714Z,Operador demo,PROC-H103,1
EV-H103-05,work_orders,WO-H103,in_service,quality_check,2026-07-27T22:25:42.857143Z,Operador demo,PROC-H103,1
EV-H103-06,work_orders,WO-H103,quality_check,ready,2026-07-28T00:42:51.428571Z,Operador demo,PROC-H103,1
EV-H103-07,work_orders,WO-H103,ready,delivered,2026-07-28T03:00:00Z,Operador demo,PROC-H103,1
EV-H104-00,work_orders,WO-H104,initial,received,2026-07-26T22:00:00Z,Operador demo,PROC-H104,1
EV-H104-01,work_orders,WO-H104,received,inspected,2026-07-27T00:34:17.142857Z,Operador demo,PROC-H104,1
EV-H104-02,work_orders,WO-H104,inspected,authorized,2026-07-27T03:08:34.285714Z,Operador demo,PROC-H104,1
EV-H104-03,work_orders,WO-H104,authorized,scheduled,2026-07-27T05:42:51.428571Z,Operador demo,PROC-H104,1
EV-H104-04,work_orders,WO-H104,scheduled,in_service,2026-07-27T08:17:08.571429Z,Operador demo,PROC-H104,1
EV-H104-05,work_orders,WO-H104,in_service,quality_check,2026-07-27T10:51:25.714286Z,Operador demo,PROC-H104,1
EV-H104-06,work_orders,WO-H104,quality_check,ready,2026-07-27T13:25:42.857143Z,Operador demo,PROC-H104,1
EV-H104-07,work_orders,WO-H104,ready,delivered,2026-07-27T16:00:00Z,Operador demo,PROC-H104,1
EV-H105-00,work_orders,WO-H105,initial,received,2026-07-26T09:00:00Z,Operador demo,PROC-H105,1
EV-H105-01,work_orders,WO-H105,received,inspected,2026-07-26T09:51:25.714286Z,Operador demo,PROC-H105,1
EV-H105-02,work_orders,WO-H105,inspected,authorized,2026-07-26T10:42:51.428571Z,Operador demo,PROC-H105,1
EV-H105-03,work_orders,WO-H105,authorized,scheduled,2026-07-26T11:34:17.142857Z,Operador demo,PROC-H105,1
EV-H105-04,work_orders,WO-H105,scheduled,in_service,2026-07-26T12:25:42.857143Z,Operador demo,PROC-H105,1
EV-H105-05,work_orders,WO-H105,in_service,quality_check,2026-07-26T13:17:08.571429Z,Operador demo,PROC-H105,1
EV-H105-06,work_orders,WO-H105,quality_check,ready,2026-07-26T14:08:34.285714Z,Operador demo,PROC-H105,1
EV-H105-07,work_orders,WO-H105,ready,delivered,2026-07-26T15:00:00Z,Operador demo,PROC-H105,1
EV-H106-00,work_orders,WO-H106,initial,received,2026-07-25T20:00:00Z,Operador demo,PROC-H106,1
EV-H106-01,work_orders,WO-H106,received,inspected,2026-07-25T21:08:34.285714Z,Operador demo,PROC-H106,1
EV-H106-02,work_orders,WO-H106,inspected,authorized,2026-07-25T22:17:08.571429Z,Operador demo,PROC-H106,1
EV-H106-03,work_orders,WO-H106,authorized,scheduled,2026-07-25T23:25:42.857143Z,Operador demo,PROC-H106,1
EV-H106-04,work_orders,WO-H106,scheduled,in_service,2026-07-26T00:34:17.142857Z,Operador demo,PROC-H106,1
EV-H106-05,work_orders,WO-H106,in_service,quality_check,2026-07-26T01:42:51.428571Z,Operador demo,PROC-H106,1
EV-H106-06,work_orders,WO-H106,quality_check,ready,2026-07-26T02:51:25.714286Z,Operador demo,PROC-H106,1
EV-H106-07,work_orders,WO-H106,ready,delivered,2026-07-26T04:00:00Z,Operador demo,PROC-H106,1
EV-H107-00,work_orders,WO-H107,initial,received,2026-07-25T07:00:00Z,Operador demo,PROC-H107,1
EV-H107-01,work_orders,WO-H107,received,inspected,2026-07-25T08:25:42.857143Z,Operador demo,PROC-H107,1
EV-H107-02,work_orders,WO-H107,inspected,authorized,2026-07-25T09:51:25.714286Z,Operador demo,PROC-H107,1
EV-H107-03,work_orders,WO-H107,authorized,scheduled,2026-07-25T11:17:08.571429Z,Operador demo,PROC-H107,1
EV-H107-04,work_orders,WO-H107,scheduled,in_service,2026-07-25T12:42:51.428571Z,Operador demo,PROC-H107,1
EV-H107-05,work_orders,WO-H107,in_service,quality_check,2026-07-25T14:08:34.285714Z,Operador demo,PROC-H107,1
EV-H107-06,work_orders,WO-H107,quality_check,ready,2026-07-25T15:34:17.142857Z,Operador demo,PROC-H107,1
EV-H107-07,work_orders,WO-H107,ready,delivered,2026-07-25T17:00:00Z,Operador demo,PROC-H107,1
EV-H108-00,work_orders,WO-H108,initial,received,2026-07-24T18:00:00Z,Operador demo,PROC-H108,1
EV-H108-01,work_orders,WO-H108,received,inspected,2026-07-25T01:42:51.428571Z,Operador demo,PROC-H108,1
EV-H108-02,work_orders,WO-H108,inspected,authorized,2026-07-25T09:25:42.857143Z,Operador demo,PROC-H108,1
EV-H108-03,work_orders,WO-H108,authorized,scheduled,2026-07-25T17:08:34.285714Z,Operador demo,PROC-H108,1
EV-H108-04,work_orders,WO-H108,scheduled,in_service,2026-07-26T00:51:25.714286Z,Operador demo,PROC-H108,1
EV-H108-05,work_orders,WO-H108,in_service,quality_check,2026-07-26T08:34:17.142857Z,Operador demo,PROC-H108,1
EV-H108-06,work_orders,WO-H108,quality_check,ready,2026-07-26T16:17:08.571429Z,Operador demo,PROC-H108,1
EV-H108-07,work_orders,WO-H108,ready,delivered,2026-07-27T00:00:00Z,Operador demo,PROC-H108,1
EV-H109-00,work_orders,WO-H109,initial,received,2026-07-24T05:00:00Z,Operador demo,PROC-H109,1
EV-H109-01,work_orders,WO-H109,received,inspected,2026-07-24T07:00:00Z,Operador demo,PROC-H109,1
EV-H109-02,work_orders,WO-H109,inspected,authorized,2026-07-24T09:00:00Z,Operador demo,PROC-H109,1
EV-H109-03,work_orders,WO-H109,authorized,scheduled,2026-07-24T11:00:00Z,Operador demo,PROC-H109,1
EV-H109-04,work_orders,WO-H109,scheduled,in_service,2026-07-24T13:00:00Z,Operador demo,PROC-H109,1
EV-H109-05,work_orders,WO-H109,in_service,quality_check,2026-07-24T15:00:00Z,Operador demo,PROC-H109,1
EV-H109-06,work_orders,WO-H109,quality_check,ready,2026-07-24T17:00:00Z,Operador demo,PROC-H109,1
EV-H109-07,work_orders,WO-H109,ready,delivered,2026-07-24T19:00:00Z,Operador demo,PROC-H109,1
EV-H110-00,work_orders,WO-H110,initial,received,2026-07-23T16:00:00Z,Operador demo,PROC-H110,1
EV-H110-01,work_orders,WO-H110,received,inspected,2026-07-23T17:27:16.363636Z,Operador demo,PROC-H110,1
EV-H110-02,work_orders,WO-H110,inspected,authorized,2026-07-23T18:54:32.727273Z,Operador demo,PROC-H110,1
EV-H110-03,work_orders,WO-H110,authorized,waiting_parts,2026-07-23T20:21:49.090909Z,Operador demo,PROC-H110,1
EV-H110-04,work_orders,WO-H110,waiting_parts,scheduled,2026-07-23T21:49:05.454545Z,Operador demo,PROC-H110,1
EV-H110-05,work_orders,WO-H110,scheduled,in_service,2026-07-23T23:16:21.818182Z,Operador demo,PROC-H110,1
EV-H110-06,work_orders,WO-H110,in_service,quality_check,2026-07-24T00:43:38.181818Z,Operador demo,PROC-H110,1
EV-H110-07,work_orders,WO-H110,quality_check,rework,2026-07-24T02:10:54.545455Z,Operador demo,PROC-H110,1
EV-H110-08,work_orders,WO-H110,rework,in_service,2026-07-24T03:38:10.909091Z,Operador demo,PROC-H110,1
EV-H110-09,work_orders,WO-H110,in_service,quality_check,2026-07-24T05:05:27.272727Z,Operador demo,PROC-H110,1
EV-H110-10,work_orders,WO-H110,quality_check,ready,2026-07-24T06:32:43.636364Z,Operador demo,PROC-H110,1
EV-H110-11,work_orders,WO-H110,ready,delivered,2026-07-24T08:00:00Z,Operador demo,PROC-H110,1
EV-H111-00,work_orders,WO-H111,initial,received,2026-07-23T03:00:00Z,Operador demo,PROC-H111,1
EV-H111-01,work_orders,WO-H111,received,inspected,2026-07-23T05:34:17.142857Z,Operador demo,PROC-H111,1
EV-H111-02,work_orders,WO-H111,inspected,authorized,2026-07-23T08:08:34.285714Z,Operador demo,PROC-H111,1
EV-H111-03,work_orders,WO-H111,authorized,scheduled,2026-07-23T10:42:51.428571Z,Operador demo,PROC-H111,1
EV-H111-04,work_orders,WO-H111,scheduled,in_service,2026-07-23T13:17:08.571429Z,Operador demo,PROC-H111,1
EV-H111-05,work_orders,WO-H111,in_service,quality_check,2026-07-23T15:51:25.714286Z,Operador demo,PROC-H111,1
EV-H111-06,work_orders,WO-H111,quality_check,ready,2026-07-23T18:25:42.857143Z,Operador demo,PROC-H111,1
EV-H111-07,work_orders,WO-H111,ready,delivered,2026-07-23T21:00:00Z,Operador demo,PROC-H111,1
EV-H112-00,work_orders,WO-H112,initial,received,2026-07-22T14:00:00Z,Operador demo,PROC-H112,1
EV-H112-01,work_orders,WO-H112,received,inspected,2026-07-22T14:51:25.714286Z,Operador demo,PROC-H112,1
EV-H112-02,work_orders,WO-H112,inspected,authorized,2026-07-22T15:42:51.428571Z,Operador demo,PROC-H112,1
EV-H112-03,work_orders,WO-H112,authorized,scheduled,2026-07-22T16:34:17.142857Z,Operador demo,PROC-H112,1
EV-H112-04,work_orders,WO-H112,scheduled,in_service,2026-07-22T17:25:42.857143Z,Operador demo,PROC-H112,1
EV-H112-05,work_orders,WO-H112,in_service,quality_check,2026-07-22T18:17:08.571429Z,Operador demo,PROC-H112,1
EV-H112-06,work_orders,WO-H112,quality_check,ready,2026-07-22T19:08:34.285714Z,Operador demo,PROC-H112,1
EV-H112-07,work_orders,WO-H112,ready,delivered,2026-07-22T20:00:00Z,Operador demo,PROC-H112,1
EV-H113-00,work_orders,WO-H113,initial,received,2026-07-22T01:00:00Z,Operador demo,PROC-H113,1
EV-H113-01,work_orders,WO-H113,received,inspected,2026-07-22T02:08:34.285714Z,Operador demo,PROC-H113,1
EV-H113-02,work_orders,WO-H113,inspected,authorized,2026-07-22T03:17:08.571429Z,Operador demo,PROC-H113,1
EV-H113-03,work_orders,WO-H113,authorized,scheduled,2026-07-22T04:25:42.857143Z,Operador demo,PROC-H113,1
EV-H113-04,work_orders,WO-H113,scheduled,in_service,2026-07-22T05:34:17.142857Z,Operador demo,PROC-H113,1
EV-H113-05,work_orders,WO-H113,in_service,quality_check,2026-07-22T06:42:51.428571Z,Operador demo,PROC-H113,1
EV-H113-06,work_orders,WO-H113,quality_check,ready,2026-07-22T07:51:25.714286Z,Operador demo,PROC-H113,1
EV-H113-07,work_orders,WO-H113,ready,delivered,2026-07-22T09:00:00Z,Operador demo,PROC-H113,1
EV-H114-00,work_orders,WO-H114,initial,received,2026-07-21T12:00:00Z,Operador demo,PROC-H114,1
EV-H114-01,work_orders,WO-H114,received,inspected,2026-07-21T13:25:42.857143Z,Operador demo,PROC-H114,1
EV-H114-02,work_orders,WO-H114,inspected,authorized,2026-07-21T14:51:25.714286Z,Operador demo,PROC-H114,1
EV-H114-03,work_orders,WO-H114,authorized,scheduled,2026-07-21T16:17:08.571429Z,Operador demo,PROC-H114,1
EV-H114-04,work_orders,WO-H114,scheduled,in_service,2026-07-21T17:42:51.428571Z,Operador demo,PROC-H114,1
EV-H114-05,work_orders,WO-H114,in_service,quality_check,2026-07-21T19:08:34.285714Z,Operador demo,PROC-H114,1
EV-H114-06,work_orders,WO-H114,quality_check,ready,2026-07-21T20:34:17.142857Z,Operador demo,PROC-H114,1
EV-H114-07,work_orders,WO-H114,ready,delivered,2026-07-21T22:00:00Z,Operador demo,PROC-H114,1
EV-H115-00,work_orders,WO-H115,initial,received,2026-07-20T23:00:00Z,Operador demo,PROC-H115,1
EV-H115-01,work_orders,WO-H115,received,inspected,2026-07-21T00:42:51.428571Z,Operador demo,PROC-H115,1
EV-H115-02,work_orders,WO-H115,inspected,authorized,2026-07-21T02:25:42.857143Z,Operador demo,PROC-H115,1
EV-H115-03,work_orders,WO-H115,authorized,scheduled,2026-07-21T04:08:34.285714Z,Operador demo,PROC-H115,1
EV-H115-04,work_orders,WO-H115,scheduled,in_service,2026-07-21T05:51:25.714286Z,Operador demo,PROC-H115,1
EV-H115-05,work_orders,WO-H115,in_service,quality_check,2026-07-21T07:34:17.142857Z,Operador demo,PROC-H115,1
EV-H115-06,work_orders,WO-H115,quality_check,ready,2026-07-21T09:17:08.571429Z,Operador demo,PROC-H115,1
EV-H115-07,work_orders,WO-H115,ready,delivered,2026-07-21T11:00:00Z,Operador demo,PROC-H115,1
EV-H116-00,work_orders,WO-H116,initial,received,2026-07-20T10:00:00Z,Operador demo,PROC-H116,1
EV-H116-01,work_orders,WO-H116,received,inspected,2026-07-20T12:00:00Z,Operador demo,PROC-H116,1
EV-H116-02,work_orders,WO-H116,inspected,authorized,2026-07-20T14:00:00Z,Operador demo,PROC-H116,1
EV-H116-03,work_orders,WO-H116,authorized,scheduled,2026-07-20T16:00:00Z,Operador demo,PROC-H116,1
EV-H116-04,work_orders,WO-H116,scheduled,in_service,2026-07-20T18:00:00Z,Operador demo,PROC-H116,1
EV-H116-05,work_orders,WO-H116,in_service,quality_check,2026-07-20T20:00:00Z,Operador demo,PROC-H116,1
EV-H116-06,work_orders,WO-H116,quality_check,ready,2026-07-20T22:00:00Z,Operador demo,PROC-H116,1
EV-H116-07,work_orders,WO-H116,ready,delivered,2026-07-21T00:00:00Z,Operador demo,PROC-H116,1
EV-H117-00,work_orders,WO-H117,initial,received,2026-07-19T21:00:00Z,Operador demo,PROC-H117,1
EV-H117-01,work_orders,WO-H117,received,inspected,2026-07-20T06:00:00Z,Operador demo,PROC-H117,1
EV-H117-02,work_orders,WO-H117,inspected,authorized,2026-07-20T15:00:00Z,Operador demo,PROC-H117,1
EV-H117-03,work_orders,WO-H117,authorized,scheduled,2026-07-21T00:00:00Z,Operador demo,PROC-H117,1
EV-H117-04,work_orders,WO-H117,scheduled,in_service,2026-07-21T09:00:00Z,Operador demo,PROC-H117,1
EV-H117-05,work_orders,WO-H117,in_service,quality_check,2026-07-21T18:00:00Z,Operador demo,PROC-H117,1
EV-H117-06,work_orders,WO-H117,quality_check,ready,2026-07-22T03:00:00Z,Operador demo,PROC-H117,1
EV-H117-07,work_orders,WO-H117,ready,delivered,2026-07-22T12:00:00Z,Operador demo,PROC-H117,1
EV-H118-00,work_orders,WO-H118,initial,received,2026-07-19T08:00:00Z,Operador demo,PROC-H118,1
EV-H118-01,work_orders,WO-H118,received,inspected,2026-07-19T10:34:17.142857Z,Operador demo,PROC-H118,1
EV-H118-02,work_orders,WO-H118,inspected,authorized,2026-07-19T13:08:34.285714Z,Operador demo,PROC-H118,1
EV-H118-03,work_orders,WO-H118,authorized,scheduled,2026-07-19T15:42:51.428571Z,Operador demo,PROC-H118,1
EV-H118-04,work_orders,WO-H118,scheduled,in_service,2026-07-19T18:17:08.571429Z,Operador demo,PROC-H118,1
EV-H118-05,work_orders,WO-H118,in_service,quality_check,2026-07-19T20:51:25.714286Z,Operador demo,PROC-H118,1
EV-H118-06,work_orders,WO-H118,quality_check,ready,2026-07-19T23:25:42.857143Z,Operador demo,PROC-H118,1
EV-H118-07,work_orders,WO-H118,ready,delivered,2026-07-20T02:00:00Z,Operador demo,PROC-H118,1
EV-H119-00,work_orders,WO-H119,initial,received,2026-07-18T19:00:00Z,Operador demo,PROC-H119,1
EV-H119-01,work_orders,WO-H119,received,inspected,2026-07-18T19:51:25.714286Z,Operador demo,PROC-H119,1
EV-H119-02,work_orders,WO-H119,inspected,authorized,2026-07-18T20:42:51.428571Z,Operador demo,PROC-H119,1
EV-H119-03,work_orders,WO-H119,authorized,scheduled,2026-07-18T21:34:17.142857Z,Operador demo,PROC-H119,1
EV-H119-04,work_orders,WO-H119,scheduled,in_service,2026-07-18T22:25:42.857143Z,Operador demo,PROC-H119,1
EV-H119-05,work_orders,WO-H119,in_service,quality_check,2026-07-18T23:17:08.571429Z,Operador demo,PROC-H119,1
EV-H119-06,work_orders,WO-H119,quality_check,ready,2026-07-19T00:08:34.285714Z,Operador demo,PROC-H119,1
EV-H119-07,work_orders,WO-H119,ready,delivered,2026-07-19T01:00:00Z,Operador demo,PROC-H119,1
EV-H120-00,work_orders,WO-H120,initial,received,2026-07-18T06:00:00Z,Operador demo,PROC-H120,1
EV-H120-01,work_orders,WO-H120,received,inspected,2026-07-18T06:43:38.181818Z,Operador demo,PROC-H120,1
EV-H120-02,work_orders,WO-H120,inspected,authorized,2026-07-18T07:27:16.363636Z,Operador demo,PROC-H120,1
EV-H120-03,work_orders,WO-H120,authorized,waiting_parts,2026-07-18T08:10:54.545455Z,Operador demo,PROC-H120,1
EV-H120-04,work_orders,WO-H120,waiting_parts,scheduled,2026-07-18T08:54:32.727273Z,Operador demo,PROC-H120,1
EV-H120-05,work_orders,WO-H120,scheduled,in_service,2026-07-18T09:38:10.909091Z,Operador demo,PROC-H120,1
EV-H120-06,work_orders,WO-H120,in_service,quality_check,2026-07-18T10:21:49.090909Z,Operador demo,PROC-H120,1
EV-H120-07,work_orders,WO-H120,quality_check,rework,2026-07-18T11:05:27.272727Z,Operador demo,PROC-H120,1
EV-H120-08,work_orders,WO-H120,rework,in_service,2026-07-18T11:49:05.454545Z,Operador demo,PROC-H120,1
EV-H120-09,work_orders,WO-H120,in_service,quality_check,2026-07-18T12:32:43.636364Z,Operador demo,PROC-H120,1
EV-H120-10,work_orders,WO-H120,quality_check,ready,2026-07-18T13:16:21.818182Z,Operador demo,PROC-H120,1
EV-H120-11,work_orders,WO-H120,ready,delivered,2026-07-18T14:00:00Z,Operador demo,PROC-H120,1
EV-H121-00,work_orders,WO-H121,initial,received,2026-07-17T17:00:00Z,Operador demo,PROC-H121,1
EV-H121-01,work_orders,WO-H121,received,inspected,2026-07-17T18:25:42.857143Z,Operador demo,PROC-H121,1
EV-H121-02,work_orders,WO-H121,inspected,authorized,2026-07-17T19:51:25.714286Z,Operador demo,PROC-H121,1
EV-H121-03,work_orders,WO-H121,authorized,scheduled,2026-07-17T21:17:08.571429Z,Operador demo,PROC-H121,1
EV-H121-04,work_orders,WO-H121,scheduled,in_service,2026-07-17T22:42:51.428571Z,Operador demo,PROC-H121,1
EV-H121-05,work_orders,WO-H121,in_service,quality_check,2026-07-18T00:08:34.285714Z,Operador demo,PROC-H121,1
EV-H121-06,work_orders,WO-H121,quality_check,ready,2026-07-18T01:34:17.142857Z,Operador demo,PROC-H121,1
EV-H121-07,work_orders,WO-H121,ready,delivered,2026-07-18T03:00:00Z,Operador demo,PROC-H121,1
EV-H122-00,work_orders,WO-H122,initial,received,2026-07-17T04:00:00Z,Operador demo,PROC-H122,1
EV-H122-01,work_orders,WO-H122,received,inspected,2026-07-17T05:42:51.428571Z,Operador demo,PROC-H122,1
EV-H122-02,work_orders,WO-H122,inspected,authorized,2026-07-17T07:25:42.857143Z,Operador demo,PROC-H122,1
EV-H122-03,work_orders,WO-H122,authorized,scheduled,2026-07-17T09:08:34.285714Z,Operador demo,PROC-H122,1
EV-H122-04,work_orders,WO-H122,scheduled,in_service,2026-07-17T10:51:25.714286Z,Operador demo,PROC-H122,1
EV-H122-05,work_orders,WO-H122,in_service,quality_check,2026-07-17T12:34:17.142857Z,Operador demo,PROC-H122,1
EV-H122-06,work_orders,WO-H122,quality_check,ready,2026-07-17T14:17:08.571429Z,Operador demo,PROC-H122,1
EV-H122-07,work_orders,WO-H122,ready,delivered,2026-07-17T16:00:00Z,Operador demo,PROC-H122,1
EV-H123-00,work_orders,WO-H123,initial,received,2026-07-16T15:00:00Z,Operador demo,PROC-H123,1
EV-H123-01,work_orders,WO-H123,received,inspected,2026-07-16T17:00:00Z,Operador demo,PROC-H123,1
EV-H123-02,work_orders,WO-H123,inspected,authorized,2026-07-16T19:00:00Z,Operador demo,PROC-H123,1
EV-H123-03,work_orders,WO-H123,authorized,scheduled,2026-07-16T21:00:00Z,Operador demo,PROC-H123,1
EV-H123-04,work_orders,WO-H123,scheduled,in_service,2026-07-16T23:00:00Z,Operador demo,PROC-H123,1
EV-H123-05,work_orders,WO-H123,in_service,quality_check,2026-07-17T01:00:00Z,Operador demo,PROC-H123,1
EV-H123-06,work_orders,WO-H123,quality_check,ready,2026-07-17T03:00:00Z,Operador demo,PROC-H123,1
EV-H123-07,work_orders,WO-H123,ready,delivered,2026-07-17T05:00:00Z,Operador demo,PROC-H123,1
EV-H124-00,work_orders,WO-H124,initial,received,2026-07-16T02:00:00Z,Operador demo,PROC-H124,1
EV-H124-01,work_orders,WO-H124,received,inspected,2026-07-16T04:17:08.571429Z,Operador demo,PROC-H124,1
EV-H124-02,work_orders,WO-H124,inspected,authorized,2026-07-16T06:34:17.142857Z,Operador demo,PROC-H124,1
EV-H124-03,work_orders,WO-H124,authorized,scheduled,2026-07-16T08:51:25.714286Z,Operador demo,PROC-H124,1
EV-H124-04,work_orders,WO-H124,scheduled,in_service,2026-07-16T11:08:34.285714Z,Operador demo,PROC-H124,1
EV-H124-05,work_orders,WO-H124,in_service,quality_check,2026-07-16T13:25:42.857143Z,Operador demo,PROC-H124,1
EV-H124-06,work_orders,WO-H124,quality_check,ready,2026-07-16T15:42:51.428571Z,Operador demo,PROC-H124,1
EV-H124-07,work_orders,WO-H124,ready,delivered,2026-07-16T18:00:00Z,Operador demo,PROC-H124,1
EV-H125-00,work_orders,WO-H125,initial,received,2026-07-15T13:00:00Z,Operador demo,PROC-H125,1
EV-H125-01,work_orders,WO-H125,received,inspected,2026-07-15T15:34:17.142857Z,Operador demo,PROC-H125,1
EV-H125-02,work_orders,WO-H125,inspected,authorized,2026-07-15T18:08:34.285714Z,Operador demo,PROC-H125,1
EV-H125-03,work_orders,WO-H125,authorized,scheduled,2026-07-15T20:42:51.428571Z,Operador demo,PROC-H125,1
EV-H125-04,work_orders,WO-H125,scheduled,in_service,2026-07-15T23:17:08.571429Z,Operador demo,PROC-H125,1
EV-H125-05,work_orders,WO-H125,in_service,quality_check,2026-07-16T01:51:25.714286Z,Operador demo,PROC-H125,1
EV-H125-06,work_orders,WO-H125,quality_check,ready,2026-07-16T04:25:42.857143Z,Operador demo,PROC-H125,1
EV-H125-07,work_orders,WO-H125,ready,delivered,2026-07-16T07:00:00Z,Operador demo,PROC-H125,1
EV-H126-00,work_orders,WO-H126,initial,received,2026-07-15T00:00:00Z,Operador demo,PROC-H126,1
EV-H126-01,work_orders,WO-H126,received,inspected,2026-07-15T08:34:17.142857Z,Operador demo,PROC-H126,1
EV-H126-02,work_orders,WO-H126,inspected,authorized,2026-07-15T17:08:34.285714Z,Operador demo,PROC-H126,1
EV-H126-03,work_orders,WO-H126,authorized,scheduled,2026-07-16T01:42:51.428571Z,Operador demo,PROC-H126,1
EV-H126-04,work_orders,WO-H126,scheduled,in_service,2026-07-16T10:17:08.571429Z,Operador demo,PROC-H126,1
EV-H126-05,work_orders,WO-H126,in_service,quality_check,2026-07-16T18:51:25.714286Z,Operador demo,PROC-H126,1
EV-H126-06,work_orders,WO-H126,quality_check,ready,2026-07-17T03:25:42.857143Z,Operador demo,PROC-H126,1
EV-H126-07,work_orders,WO-H126,ready,delivered,2026-07-17T12:00:00Z,Operador demo,PROC-H126,1
EV-H127-00,work_orders,WO-H127,initial,received,2026-07-14T11:00:00Z,Operador demo,PROC-H127,1
EV-H127-01,work_orders,WO-H127,received,inspected,2026-07-14T12:08:34.285714Z,Operador demo,PROC-H127,1
EV-H127-02,work_orders,WO-H127,inspected,authorized,2026-07-14T13:17:08.571429Z,Operador demo,PROC-H127,1
EV-H127-03,work_orders,WO-H127,authorized,scheduled,2026-07-14T14:25:42.857143Z,Operador demo,PROC-H127,1
EV-H127-04,work_orders,WO-H127,scheduled,in_service,2026-07-14T15:34:17.142857Z,Operador demo,PROC-H127,1
EV-H127-05,work_orders,WO-H127,in_service,quality_check,2026-07-14T16:42:51.428571Z,Operador demo,PROC-H127,1
EV-H127-06,work_orders,WO-H127,quality_check,ready,2026-07-14T17:51:25.714286Z,Operador demo,PROC-H127,1
EV-H127-07,work_orders,WO-H127,ready,delivered,2026-07-14T19:00:00Z,Operador demo,PROC-H127,1
EV-H128-00,work_orders,WO-H128,initial,received,2026-07-13T22:00:00Z,Operador demo,PROC-H128,1
EV-H128-01,work_orders,WO-H128,received,inspected,2026-07-13T23:25:42.857143Z,Operador demo,PROC-H128,1
EV-H128-02,work_orders,WO-H128,inspected,authorized,2026-07-14T00:51:25.714286Z,Operador demo,PROC-H128,1
EV-H128-03,work_orders,WO-H128,authorized,scheduled,2026-07-14T02:17:08.571429Z,Operador demo,PROC-H128,1
EV-H128-04,work_orders,WO-H128,scheduled,in_service,2026-07-14T03:42:51.428571Z,Operador demo,PROC-H128,1
EV-H128-05,work_orders,WO-H128,in_service,quality_check,2026-07-14T05:08:34.285714Z,Operador demo,PROC-H128,1
EV-H128-06,work_orders,WO-H128,quality_check,ready,2026-07-14T06:34:17.142857Z,Operador demo,PROC-H128,1
EV-H128-07,work_orders,WO-H128,ready,delivered,2026-07-14T08:00:00Z,Operador demo,PROC-H128,1
EV-H129-00,work_orders,WO-H129,initial,received,2026-07-13T09:00:00Z,Operador demo,PROC-H129,1
EV-H129-01,work_orders,WO-H129,received,inspected,2026-07-13T10:42:51.428571Z,Operador demo,PROC-H129,1
EV-H129-02,work_orders,WO-H129,inspected,authorized,2026-07-13T12:25:42.857143Z,Operador demo,PROC-H129,1
EV-H129-03,work_orders,WO-H129,authorized,scheduled,2026-07-13T14:08:34.285714Z,Operador demo,PROC-H129,1
EV-H129-04,work_orders,WO-H129,scheduled,in_service,2026-07-13T15:51:25.714286Z,Operador demo,PROC-H129,1
EV-H129-05,work_orders,WO-H129,in_service,quality_check,2026-07-13T17:34:17.142857Z,Operador demo,PROC-H129,1
EV-H129-06,work_orders,WO-H129,quality_check,ready,2026-07-13T19:17:08.571429Z,Operador demo,PROC-H129,1
EV-H129-07,work_orders,WO-H129,ready,delivered,2026-07-13T21:00:00Z,Operador demo,PROC-H129,1
EV-H130-00,work_orders,WO-H130,initial,received,2026-07-12T20:00:00Z,Operador demo,PROC-H130,1
EV-H130-01,work_orders,WO-H130,received,inspected,2026-07-12T21:16:21.818182Z,Operador demo,PROC-H130,1
EV-H130-02,work_orders,WO-H130,inspected,authorized,2026-07-12T22:32:43.636364Z,Operador demo,PROC-H130,1
EV-H130-03,work_orders,WO-H130,authorized,waiting_parts,2026-07-12T23:49:05.454545Z,Operador demo,PROC-H130,1
EV-H130-04,work_orders,WO-H130,waiting_parts,scheduled,2026-07-13T01:05:27.272727Z,Operador demo,PROC-H130,1
EV-H130-05,work_orders,WO-H130,scheduled,in_service,2026-07-13T02:21:49.090909Z,Operador demo,PROC-H130,1
EV-H130-06,work_orders,WO-H130,in_service,quality_check,2026-07-13T03:38:10.909091Z,Operador demo,PROC-H130,1
EV-H130-07,work_orders,WO-H130,quality_check,rework,2026-07-13T04:54:32.727273Z,Operador demo,PROC-H130,1
EV-H130-08,work_orders,WO-H130,rework,in_service,2026-07-13T06:10:54.545455Z,Operador demo,PROC-H130,1
EV-H130-09,work_orders,WO-H130,in_service,quality_check,2026-07-13T07:27:16.363636Z,Operador demo,PROC-H130,1
EV-H130-10,work_orders,WO-H130,quality_check,ready,2026-07-13T08:43:38.181818Z,Operador demo,PROC-H130,1
EV-H130-11,work_orders,WO-H130,ready,delivered,2026-07-13T10:00:00Z,Operador demo,PROC-H130,1
EV-H131-00,work_orders,WO-H131,initial,received,2026-07-12T07:00:00Z,Operador demo,PROC-H131,1
EV-H131-01,work_orders,WO-H131,received,inspected,2026-07-12T09:17:08.571429Z,Operador demo,PROC-H131,1
EV-H131-02,work_orders,WO-H131,inspected,authorized,2026-07-12T11:34:17.142857Z,Operador demo,PROC-H131,1
EV-H131-03,work_orders,WO-H131,authorized,scheduled,2026-07-12T13:51:25.714286Z,Operador demo,PROC-H131,1
EV-H131-04,work_orders,WO-H131,scheduled,in_service,2026-07-12T16:08:34.285714Z,Operador demo,PROC-H131,1
EV-H131-05,work_orders,WO-H131,in_service,quality_check,2026-07-12T18:25:42.857143Z,Operador demo,PROC-H131,1
EV-H131-06,work_orders,WO-H131,quality_check,ready,2026-07-12T20:42:51.428571Z,Operador demo,PROC-H131,1
EV-H131-07,work_orders,WO-H131,ready,delivered,2026-07-12T23:00:00Z,Operador demo,PROC-H131,1
EV-H132-00,work_orders,WO-H132,initial,received,2026-07-11T18:00:00Z,Operador demo,PROC-H132,1
EV-H132-01,work_orders,WO-H132,received,inspected,2026-07-11T20:34:17.142857Z,Operador demo,PROC-H132,1
EV-H132-02,work_orders,WO-H132,inspected,authorized,2026-07-11T23:08:34.285714Z,Operador demo,PROC-H132,1
EV-H132-03,work_orders,WO-H132,authorized,scheduled,2026-07-12T01:42:51.428571Z,Operador demo,PROC-H132,1
EV-H132-04,work_orders,WO-H132,scheduled,in_service,2026-07-12T04:17:08.571429Z,Operador demo,PROC-H132,1
EV-H132-05,work_orders,WO-H132,in_service,quality_check,2026-07-12T06:51:25.714286Z,Operador demo,PROC-H132,1
EV-H132-06,work_orders,WO-H132,quality_check,ready,2026-07-12T09:25:42.857143Z,Operador demo,PROC-H132,1
EV-H132-07,work_orders,WO-H132,ready,delivered,2026-07-12T12:00:00Z,Operador demo,PROC-H132,1
EV-H133-00,work_orders,WO-H133,initial,received,2026-07-11T05:00:00Z,Operador demo,PROC-H133,1
EV-H133-01,work_orders,WO-H133,received,inspected,2026-07-11T05:51:25.714286Z,Operador demo,PROC-H133,1
EV-H133-02,work_orders,WO-H133,inspected,authorized,2026-07-11T06:42:51.428571Z,Operador demo,PROC-H133,1
EV-H133-03,work_orders,WO-H133,authorized,scheduled,2026-07-11T07:34:17.142857Z,Operador demo,PROC-H133,1
EV-H133-04,work_orders,WO-H133,scheduled,in_service,2026-07-11T08:25:42.857143Z,Operador demo,PROC-H133,1
EV-H133-05,work_orders,WO-H133,in_service,quality_check,2026-07-11T09:17:08.571429Z,Operador demo,PROC-H133,1
EV-H133-06,work_orders,WO-H133,quality_check,ready,2026-07-11T10:08:34.285714Z,Operador demo,PROC-H133,1
EV-H133-07,work_orders,WO-H133,ready,delivered,2026-07-11T11:00:00Z,Operador demo,PROC-H133,1
EV-H134-00,work_orders,WO-H134,initial,received,2026-07-10T16:00:00Z,Operador demo,PROC-H134,1
EV-H134-01,work_orders,WO-H134,received,inspected,2026-07-10T17:08:34.285714Z,Operador demo,PROC-H134,1
EV-H134-02,work_orders,WO-H134,inspected,authorized,2026-07-10T18:17:08.571429Z,Operador demo,PROC-H134,1
EV-H134-03,work_orders,WO-H134,authorized,scheduled,2026-07-10T19:25:42.857143Z,Operador demo,PROC-H134,1
EV-H134-04,work_orders,WO-H134,scheduled,in_service,2026-07-10T20:34:17.142857Z,Operador demo,PROC-H134,1
EV-H134-05,work_orders,WO-H134,in_service,quality_check,2026-07-10T21:42:51.428571Z,Operador demo,PROC-H134,1
EV-H134-06,work_orders,WO-H134,quality_check,ready,2026-07-10T22:51:25.714286Z,Operador demo,PROC-H134,1
EV-H134-07,work_orders,WO-H134,ready,delivered,2026-07-11T00:00:00Z,Operador demo,PROC-H134,1
EV-H135-00,work_orders,WO-H135,initial,received,2026-07-10T03:00:00Z,Operador demo,PROC-H135,1
EV-H135-01,work_orders,WO-H135,received,inspected,2026-07-10T11:08:34.285714Z,Operador demo,PROC-H135,1
EV-H135-02,work_orders,WO-H135,inspected,authorized,2026-07-10T19:17:08.571429Z,Operador demo,PROC-H135,1
EV-H135-03,work_orders,WO-H135,authorized,scheduled,2026-07-11T03:25:42.857143Z,Operador demo,PROC-H135,1
EV-H135-04,work_orders,WO-H135,scheduled,in_service,2026-07-11T11:34:17.142857Z,Operador demo,PROC-H135,1
EV-H135-05,work_orders,WO-H135,in_service,quality_check,2026-07-11T19:42:51.428571Z,Operador demo,PROC-H135,1
EV-H135-06,work_orders,WO-H135,quality_check,ready,2026-07-12T03:51:25.714286Z,Operador demo,PROC-H135,1
EV-H135-07,work_orders,WO-H135,ready,delivered,2026-07-12T12:00:00Z,Operador demo,PROC-H135,1
EV-H136-00,work_orders,WO-H136,initial,received,2026-07-09T14:00:00Z,Operador demo,PROC-H136,1
EV-H136-01,work_orders,WO-H136,received,inspected,2026-07-09T15:42:51.428571Z,Operador demo,PROC-H136,1
EV-H136-02,work_orders,WO-H136,inspected,authorized,2026-07-09T17:25:42.857143Z,Operador demo,PROC-H136,1
EV-H136-03,work_orders,WO-H136,authorized,scheduled,2026-07-09T19:08:34.285714Z,Operador demo,PROC-H136,1
EV-H136-04,work_orders,WO-H136,scheduled,in_service,2026-07-09T20:51:25.714286Z,Operador demo,PROC-H136,1
EV-H136-05,work_orders,WO-H136,in_service,quality_check,2026-07-09T22:34:17.142857Z,Operador demo,PROC-H136,1
EV-H136-06,work_orders,WO-H136,quality_check,ready,2026-07-10T00:17:08.571429Z,Operador demo,PROC-H136,1
EV-H136-07,work_orders,WO-H136,ready,delivered,2026-07-10T02:00:00Z,Operador demo,PROC-H136,1
EV-H137-00,work_orders,WO-H137,initial,received,2026-07-09T01:00:00Z,Operador demo,PROC-H137,1
EV-H137-01,work_orders,WO-H137,received,inspected,2026-07-09T03:00:00Z,Operador demo,PROC-H137,1
EV-H137-02,work_orders,WO-H137,inspected,authorized,2026-07-09T05:00:00Z,Operador demo,PROC-H137,1
EV-H137-03,work_orders,WO-H137,authorized,scheduled,2026-07-09T07:00:00Z,Operador demo,PROC-H137,1
EV-H137-04,work_orders,WO-H137,scheduled,in_service,2026-07-09T09:00:00Z,Operador demo,PROC-H137,1
EV-H137-05,work_orders,WO-H137,in_service,quality_check,2026-07-09T11:00:00Z,Operador demo,PROC-H137,1
EV-H137-06,work_orders,WO-H137,quality_check,ready,2026-07-09T13:00:00Z,Operador demo,PROC-H137,1
EV-H137-07,work_orders,WO-H137,ready,delivered,2026-07-09T15:00:00Z,Operador demo,PROC-H137,1
EV-H138-00,work_orders,WO-H138,initial,received,2026-07-08T12:00:00Z,Operador demo,PROC-H138,1
EV-H138-01,work_orders,WO-H138,received,inspected,2026-07-08T14:17:08.571429Z,Operador demo,PROC-H138,1
EV-H138-02,work_orders,WO-H138,inspected,authorized,2026-07-08T16:34:17.142857Z,Operador demo,PROC-H138,1
EV-H138-03,work_orders,WO-H138,authorized,scheduled,2026-07-08T18:51:25.714286Z,Operador demo,PROC-H138,1
EV-H138-04,work_orders,WO-H138,scheduled,in_service,2026-07-08T21:08:34.285714Z,Operador demo,PROC-H138,1
EV-H138-05,work_orders,WO-H138,in_service,quality_check,2026-07-08T23:25:42.857143Z,Operador demo,PROC-H138,1
EV-H138-06,work_orders,WO-H138,quality_check,ready,2026-07-09T01:42:51.428571Z,Operador demo,PROC-H138,1
EV-H138-07,work_orders,WO-H138,ready,delivered,2026-07-09T04:00:00Z,Operador demo,PROC-H138,1
EV-H139-00,work_orders,WO-H139,initial,received,2026-07-07T23:00:00Z,Operador demo,PROC-H139,1
EV-H139-01,work_orders,WO-H139,received,inspected,2026-07-08T01:34:17.142857Z,Operador demo,PROC-H139,1
EV-H139-02,work_orders,WO-H139,inspected,authorized,2026-07-08T04:08:34.285714Z,Operador demo,PROC-H139,1
EV-H139-03,work_orders,WO-H139,authorized,scheduled,2026-07-08T06:42:51.428571Z,Operador demo,PROC-H139,1
EV-H139-04,work_orders,WO-H139,scheduled,in_service,2026-07-08T09:17:08.571429Z,Operador demo,PROC-H139,1
EV-H139-05,work_orders,WO-H139,in_service,quality_check,2026-07-08T11:51:25.714286Z,Operador demo,PROC-H139,1
EV-H139-06,work_orders,WO-H139,quality_check,ready,2026-07-08T14:25:42.857143Z,Operador demo,PROC-H139,1
EV-H139-07,work_orders,WO-H139,ready,delivered,2026-07-08T17:00:00Z,Operador demo,PROC-H139,1
EV-H140-00,work_orders,WO-H140,initial,received,2026-07-07T10:00:00Z,Operador demo,PROC-H140,1
EV-H140-01,work_orders,WO-H140,received,inspected,2026-07-07T10:32:43.636364Z,Operador demo,PROC-H140,1
EV-H140-02,work_orders,WO-H140,inspected,authorized,2026-07-07T11:05:27.272727Z,Operador demo,PROC-H140,1
EV-H140-03,work_orders,WO-H140,authorized,waiting_parts,2026-07-07T11:38:10.909091Z,Operador demo,PROC-H140,1
EV-H140-04,work_orders,WO-H140,waiting_parts,scheduled,2026-07-07T12:10:54.545455Z,Operador demo,PROC-H140,1
EV-H140-05,work_orders,WO-H140,scheduled,in_service,2026-07-07T12:43:38.181818Z,Operador demo,PROC-H140,1
EV-H140-06,work_orders,WO-H140,in_service,quality_check,2026-07-07T13:16:21.818182Z,Operador demo,PROC-H140,1
EV-H140-07,work_orders,WO-H140,quality_check,rework,2026-07-07T13:49:05.454545Z,Operador demo,PROC-H140,1
EV-H140-08,work_orders,WO-H140,rework,in_service,2026-07-07T14:21:49.090909Z,Operador demo,PROC-H140,1
EV-H140-09,work_orders,WO-H140,in_service,quality_check,2026-07-07T14:54:32.727273Z,Operador demo,PROC-H140,1
EV-H140-10,work_orders,WO-H140,quality_check,ready,2026-07-07T15:27:16.363636Z,Operador demo,PROC-H140,1
EV-H140-11,work_orders,WO-H140,ready,delivered,2026-07-07T16:00:00Z,Operador demo,PROC-H140,1
EV-H141-00,work_orders,WO-H141,initial,received,2026-07-06T21:00:00Z,Operador demo,PROC-H141,1
EV-H141-01,work_orders,WO-H141,received,inspected,2026-07-06T22:08:34.285714Z,Operador demo,PROC-H141,1
EV-H141-02,work_orders,WO-H141,inspected,authorized,2026-07-06T23:17:08.571429Z,Operador demo,PROC-H141,1
EV-H141-03,work_orders,WO-H141,authorized,scheduled,2026-07-07T00:25:42.857143Z,Operador demo,PROC-H141,1
EV-H141-04,work_orders,WO-H141,scheduled,in_service,2026-07-07T01:34:17.142857Z,Operador demo,PROC-H141,1
EV-H141-05,work_orders,WO-H141,in_service,quality_check,2026-07-07T02:42:51.428571Z,Operador demo,PROC-H141,1
EV-H141-06,work_orders,WO-H141,quality_check,ready,2026-07-07T03:51:25.714286Z,Operador demo,PROC-H141,1
EV-H141-07,work_orders,WO-H141,ready,delivered,2026-07-07T05:00:00Z,Operador demo,PROC-H141,1
EV-H142-00,work_orders,WO-H142,initial,received,2026-07-06T08:00:00Z,Operador demo,PROC-H142,1
EV-H142-01,work_orders,WO-H142,received,inspected,2026-07-06T09:25:42.857143Z,Operador demo,PROC-H142,1
EV-H142-02,work_orders,WO-H142,inspected,authorized,2026-07-06T10:51:25.714286Z,Operador demo,PROC-H142,1
EV-H142-03,work_orders,WO-H142,authorized,scheduled,2026-07-06T12:17:08.571429Z,Operador demo,PROC-H142,1
EV-H142-04,work_orders,WO-H142,scheduled,in_service,2026-07-06T13:42:51.428571Z,Operador demo,PROC-H142,1
EV-H142-05,work_orders,WO-H142,in_service,quality_check,2026-07-06T15:08:34.285714Z,Operador demo,PROC-H142,1
EV-H142-06,work_orders,WO-H142,quality_check,ready,2026-07-06T16:34:17.142857Z,Operador demo,PROC-H142,1
EV-H142-07,work_orders,WO-H142,ready,delivered,2026-07-06T18:00:00Z,Operador demo,PROC-H142,1
EV-H143-00,work_orders,WO-H143,initial,received,2026-07-05T19:00:00Z,Operador demo,PROC-H143,1
EV-H143-01,work_orders,WO-H143,received,inspected,2026-07-05T20:42:51.428571Z,Operador demo,PROC-H143,1
EV-H143-02,work_orders,WO-H143,inspected,authorized,2026-07-05T22:25:42.857143Z,Operador demo,PROC-H143,1
EV-H143-03,work_orders,WO-H143,authorized,scheduled,2026-07-06T00:08:34.285714Z,Operador demo,PROC-H143,1
EV-H143-04,work_orders,WO-H143,scheduled,in_service,2026-07-06T01:51:25.714286Z,Operador demo,PROC-H143,1
EV-H143-05,work_orders,WO-H143,in_service,quality_check,2026-07-06T03:34:17.142857Z,Operador demo,PROC-H143,1
EV-H143-06,work_orders,WO-H143,quality_check,ready,2026-07-06T05:17:08.571429Z,Operador demo,PROC-H143,1
EV-H143-07,work_orders,WO-H143,ready,delivered,2026-07-06T07:00:00Z,Operador demo,PROC-H143,1
EV-H144-00,work_orders,WO-H144,initial,received,2026-07-05T06:00:00Z,Operador demo,PROC-H144,1
EV-H144-01,work_orders,WO-H144,received,inspected,2026-07-05T13:42:51.428571Z,Operador demo,PROC-H144,1
EV-H144-02,work_orders,WO-H144,inspected,authorized,2026-07-05T21:25:42.857143Z,Operador demo,PROC-H144,1
EV-H144-03,work_orders,WO-H144,authorized,scheduled,2026-07-06T05:08:34.285714Z,Operador demo,PROC-H144,1
EV-H144-04,work_orders,WO-H144,scheduled,in_service,2026-07-06T12:51:25.714286Z,Operador demo,PROC-H144,1
EV-H144-05,work_orders,WO-H144,in_service,quality_check,2026-07-06T20:34:17.142857Z,Operador demo,PROC-H144,1
EV-H144-06,work_orders,WO-H144,quality_check,ready,2026-07-07T04:17:08.571429Z,Operador demo,PROC-H144,1
EV-H144-07,work_orders,WO-H144,ready,delivered,2026-07-07T12:00:00Z,Operador demo,PROC-H144,1
EV-H145-00,work_orders,WO-H145,initial,received,2026-07-04T17:00:00Z,Operador demo,PROC-H145,1
EV-H145-01,work_orders,WO-H145,received,inspected,2026-07-04T19:17:08.571429Z,Operador demo,PROC-H145,1
EV-H145-02,work_orders,WO-H145,inspected,authorized,2026-07-04T21:34:17.142857Z,Operador demo,PROC-H145,1
EV-H145-03,work_orders,WO-H145,authorized,scheduled,2026-07-04T23:51:25.714286Z,Operador demo,PROC-H145,1
EV-H145-04,work_orders,WO-H145,scheduled,in_service,2026-07-05T02:08:34.285714Z,Operador demo,PROC-H145,1
EV-H145-05,work_orders,WO-H145,in_service,quality_check,2026-07-05T04:25:42.857143Z,Operador demo,PROC-H145,1
EV-H145-06,work_orders,WO-H145,quality_check,ready,2026-07-05T06:42:51.428571Z,Operador demo,PROC-H145,1
EV-H145-07,work_orders,WO-H145,ready,delivered,2026-07-05T09:00:00Z,Operador demo,PROC-H145,1
EV-H146-00,work_orders,WO-H146,initial,received,2026-07-04T04:00:00Z,Operador demo,PROC-H146,1
EV-H146-01,work_orders,WO-H146,received,inspected,2026-07-04T06:34:17.142857Z,Operador demo,PROC-H146,1
EV-H146-02,work_orders,WO-H146,inspected,authorized,2026-07-04T09:08:34.285714Z,Operador demo,PROC-H146,1
EV-H146-03,work_orders,WO-H146,authorized,scheduled,2026-07-04T11:42:51.428571Z,Operador demo,PROC-H146,1
EV-H146-04,work_orders,WO-H146,scheduled,in_service,2026-07-04T14:17:08.571429Z,Operador demo,PROC-H146,1
EV-H146-05,work_orders,WO-H146,in_service,quality_check,2026-07-04T16:51:25.714286Z,Operador demo,PROC-H146,1
EV-H146-06,work_orders,WO-H146,quality_check,ready,2026-07-04T19:25:42.857143Z,Operador demo,PROC-H146,1
EV-H146-07,work_orders,WO-H146,ready,delivered,2026-07-04T22:00:00Z,Operador demo,PROC-H146,1
EV-H147-00,work_orders,WO-H147,initial,received,2026-07-03T15:00:00Z,Operador demo,PROC-H147,1
EV-H147-01,work_orders,WO-H147,received,inspected,2026-07-03T15:51:25.714286Z,Operador demo,PROC-H147,1
EV-H147-02,work_orders,WO-H147,inspected,authorized,2026-07-03T16:42:51.428571Z,Operador demo,PROC-H147,1
EV-H147-03,work_orders,WO-H147,authorized,scheduled,2026-07-03T17:34:17.142857Z,Operador demo,PROC-H147,1
EV-H147-04,work_orders,WO-H147,scheduled,in_service,2026-07-03T18:25:42.857143Z,Operador demo,PROC-H147,1
EV-H147-05,work_orders,WO-H147,in_service,quality_check,2026-07-03T19:17:08.571429Z,Operador demo,PROC-H147,1
EV-H147-06,work_orders,WO-H147,quality_check,ready,2026-07-03T20:08:34.285714Z,Operador demo,PROC-H147,1
EV-H147-07,work_orders,WO-H147,ready,delivered,2026-07-03T21:00:00Z,Operador demo,PROC-H147,1
EV-H148-00,work_orders,WO-H148,initial,received,2026-07-03T02:00:00Z,Operador demo,PROC-H148,1
EV-H148-01,work_orders,WO-H148,received,inspected,2026-07-03T03:08:34.285714Z,Operador demo,PROC-H148,1
EV-H148-02,work_orders,WO-H148,inspected,authorized,2026-07-03T04:17:08.571429Z,Operador demo,PROC-H148,1
EV-H148-03,work_orders,WO-H148,authorized,scheduled,2026-07-03T05:25:42.857143Z,Operador demo,PROC-H148,1
EV-H148-04,work_orders,WO-H148,scheduled,in_service,2026-07-03T06:34:17.142857Z,Operador demo,PROC-H148,1
EV-H148-05,work_orders,WO-H148,in_service,quality_check,2026-07-03T07:42:51.428571Z,Operador demo,PROC-H148,1
EV-H148-06,work_orders,WO-H148,quality_check,ready,2026-07-03T08:51:25.714286Z,Operador demo,PROC-H148,1
EV-H148-07,work_orders,WO-H148,ready,delivered,2026-07-03T10:00:00Z,Operador demo,PROC-H148,1
EV-H149-00,work_orders,WO-H149,initial,received,2026-07-02T13:00:00Z,Operador demo,PROC-H149,1
EV-H149-01,work_orders,WO-H149,received,inspected,2026-07-02T14:25:42.857143Z,Operador demo,PROC-H149,1
EV-H149-02,work_orders,WO-H149,inspected,authorized,2026-07-02T15:51:25.714286Z,Operador demo,PROC-H149,1
EV-H149-03,work_orders,WO-H149,authorized,scheduled,2026-07-02T17:17:08.571429Z,Operador demo,PROC-H149,1
EV-H149-04,work_orders,WO-H149,scheduled,in_service,2026-07-02T18:42:51.428571Z,Operador demo,PROC-H149,1
EV-H149-05,work_orders,WO-H149,in_service,quality_check,2026-07-02T20:08:34.285714Z,Operador demo,PROC-H149,1
EV-H149-06,work_orders,WO-H149,quality_check,ready,2026-07-02T21:34:17.142857Z,Operador demo,PROC-H149,1
EV-H149-07,work_orders,WO-H149,ready,delivered,2026-07-02T23:00:00Z,Operador demo,PROC-H149,1
EV-H150-00,work_orders,WO-H150,initial,received,2026-07-02T00:00:00Z,Operador demo,PROC-H150,1
EV-H150-01,work_orders,WO-H150,received,inspected,2026-07-02T01:05:27.272727Z,Operador demo,PROC-H150,1
EV-H150-02,work_orders,WO-H150,inspected,authorized,2026-07-02T02:10:54.545455Z,Operador demo,PROC-H150,1
EV-H150-03,work_orders,WO-H150,authorized,waiting_parts,2026-07-02T03:16:21.818182Z,Operador demo,PROC-H150,1
EV-H150-04,work_orders,WO-H150,waiting_parts,scheduled,2026-07-02T04:21:49.090909Z,Operador demo,PROC-H150,1
EV-H150-05,work_orders,WO-H150,scheduled,in_service,2026-07-02T05:27:16.363636Z,Operador demo,PROC-H150,1
EV-H150-06,work_orders,WO-H150,in_service,quality_check,2026-07-02T06:32:43.636364Z,Operador demo,PROC-H150,1
EV-H150-07,work_orders,WO-H150,quality_check,rework,2026-07-02T07:38:10.909091Z,Operador demo,PROC-H150,1
EV-H150-08,work_orders,WO-H150,rework,in_service,2026-07-02T08:43:38.181818Z,Operador demo,PROC-H150,1
EV-H150-09,work_orders,WO-H150,in_service,quality_check,2026-07-02T09:49:05.454545Z,Operador demo,PROC-H150,1
EV-H150-10,work_orders,WO-H150,quality_check,ready,2026-07-02T10:54:32.727273Z,Operador demo,PROC-H150,1
EV-H150-11,work_orders,WO-H150,ready,delivered,2026-07-02T12:00:00Z,Operador demo,PROC-H150,1
EV-H151-00,work_orders,WO-H151,initial,received,2026-07-01T11:00:00Z,Operador demo,PROC-H151,1
EV-H151-01,work_orders,WO-H151,received,inspected,2026-07-01T13:00:00Z,Operador demo,PROC-H151,1
EV-H151-02,work_orders,WO-H151,inspected,authorized,2026-07-01T15:00:00Z,Operador demo,PROC-H151,1
EV-H151-03,work_orders,WO-H151,authorized,scheduled,2026-07-01T17:00:00Z,Operador demo,PROC-H151,1
EV-H151-04,work_orders,WO-H151,scheduled,in_service,2026-07-01T19:00:00Z,Operador demo,PROC-H151,1
EV-H151-05,work_orders,WO-H151,in_service,quality_check,2026-07-01T21:00:00Z,Operador demo,PROC-H151,1
EV-H151-06,work_orders,WO-H151,quality_check,ready,2026-07-01T23:00:00Z,Operador demo,PROC-H151,1
EV-H151-07,work_orders,WO-H151,ready,delivered,2026-07-02T01:00:00Z,Operador demo,PROC-H151,1
EV-H152-00,work_orders,WO-H152,initial,received,2026-06-30T22:00:00Z,Operador demo,PROC-H152,1
EV-H152-01,work_orders,WO-H152,received,inspected,2026-07-01T00:17:08.571429Z,Operador demo,PROC-H152,1
EV-H152-02,work_orders,WO-H152,inspected,authorized,2026-07-01T02:34:17.142857Z,Operador demo,PROC-H152,1
EV-H152-03,work_orders,WO-H152,authorized,scheduled,2026-07-01T04:51:25.714286Z,Operador demo,PROC-H152,1
EV-H152-04,work_orders,WO-H152,scheduled,in_service,2026-07-01T07:08:34.285714Z,Operador demo,PROC-H152,1
EV-H152-05,work_orders,WO-H152,in_service,quality_check,2026-07-01T09:25:42.857143Z,Operador demo,PROC-H152,1
EV-H152-06,work_orders,WO-H152,quality_check,ready,2026-07-01T11:42:51.428571Z,Operador demo,PROC-H152,1
EV-H152-07,work_orders,WO-H152,ready,delivered,2026-07-01T14:00:00Z,Operador demo,PROC-H152,1
EV-H153-00,work_orders,WO-H153,initial,received,2026-06-30T09:00:00Z,Operador demo,PROC-H153,1
EV-H153-01,work_orders,WO-H153,received,inspected,2026-06-30T18:00:00Z,Operador demo,PROC-H153,1
EV-H153-02,work_orders,WO-H153,inspected,authorized,2026-07-01T03:00:00Z,Operador demo,PROC-H153,1
EV-H153-03,work_orders,WO-H153,authorized,scheduled,2026-07-01T12:00:00Z,Operador demo,PROC-H153,1
EV-H153-04,work_orders,WO-H153,scheduled,in_service,2026-07-01T21:00:00Z,Operador demo,PROC-H153,1
EV-H153-05,work_orders,WO-H153,in_service,quality_check,2026-07-02T06:00:00Z,Operador demo,PROC-H153,1
EV-H153-06,work_orders,WO-H153,quality_check,ready,2026-07-02T15:00:00Z,Operador demo,PROC-H153,1
EV-H153-07,work_orders,WO-H153,ready,delivered,2026-07-03T00:00:00Z,Operador demo,PROC-H153,1
EV-H154-00,work_orders,WO-H154,initial,received,2026-06-29T20:00:00Z,Operador demo,PROC-H154,1
EV-H154-01,work_orders,WO-H154,received,inspected,2026-06-29T20:51:25.714286Z,Operador demo,PROC-H154,1
EV-H154-02,work_orders,WO-H154,inspected,authorized,2026-06-29T21:42:51.428571Z,Operador demo,PROC-H154,1
EV-H154-03,work_orders,WO-H154,authorized,scheduled,2026-06-29T22:34:17.142857Z,Operador demo,PROC-H154,1
EV-H154-04,work_orders,WO-H154,scheduled,in_service,2026-06-29T23:25:42.857143Z,Operador demo,PROC-H154,1
EV-H154-05,work_orders,WO-H154,in_service,quality_check,2026-06-30T00:17:08.571429Z,Operador demo,PROC-H154,1
EV-H154-06,work_orders,WO-H154,quality_check,ready,2026-06-30T01:08:34.285714Z,Operador demo,PROC-H154,1
EV-H154-07,work_orders,WO-H154,ready,delivered,2026-06-30T02:00:00Z,Operador demo,PROC-H154,1
EV-H155-00,work_orders,WO-H155,initial,received,2026-06-29T07:00:00Z,Operador demo,PROC-H155,1
EV-H155-01,work_orders,WO-H155,received,inspected,2026-06-29T08:08:34.285714Z,Operador demo,PROC-H155,1
EV-H155-02,work_orders,WO-H155,inspected,authorized,2026-06-29T09:17:08.571429Z,Operador demo,PROC-H155,1
EV-H155-03,work_orders,WO-H155,authorized,scheduled,2026-06-29T10:25:42.857143Z,Operador demo,PROC-H155,1
EV-H155-04,work_orders,WO-H155,scheduled,in_service,2026-06-29T11:34:17.142857Z,Operador demo,PROC-H155,1
EV-H155-05,work_orders,WO-H155,in_service,quality_check,2026-06-29T12:42:51.428571Z,Operador demo,PROC-H155,1
EV-H155-06,work_orders,WO-H155,quality_check,ready,2026-06-29T13:51:25.714286Z,Operador demo,PROC-H155,1
EV-H155-07,work_orders,WO-H155,ready,delivered,2026-06-29T15:00:00Z,Operador demo,PROC-H155,1
EV-H156-00,work_orders,WO-H156,initial,received,2026-06-28T18:00:00Z,Operador demo,PROC-H156,1
EV-H156-01,work_orders,WO-H156,received,inspected,2026-06-28T19:25:42.857143Z,Operador demo,PROC-H156,1
EV-H156-02,work_orders,WO-H156,inspected,authorized,2026-06-28T20:51:25.714286Z,Operador demo,PROC-H156,1
EV-H156-03,work_orders,WO-H156,authorized,scheduled,2026-06-28T22:17:08.571429Z,Operador demo,PROC-H156,1
EV-H156-04,work_orders,WO-H156,scheduled,in_service,2026-06-28T23:42:51.428571Z,Operador demo,PROC-H156,1
EV-H156-05,work_orders,WO-H156,in_service,quality_check,2026-06-29T01:08:34.285714Z,Operador demo,PROC-H156,1
EV-H156-06,work_orders,WO-H156,quality_check,ready,2026-06-29T02:34:17.142857Z,Operador demo,PROC-H156,1
EV-H156-07,work_orders,WO-H156,ready,delivered,2026-06-29T04:00:00Z,Operador demo,PROC-H156,1
EV-H157-00,work_orders,WO-H157,initial,received,2026-06-28T05:00:00Z,Operador demo,PROC-H157,1
EV-H157-01,work_orders,WO-H157,received,inspected,2026-06-28T06:42:51.428571Z,Operador demo,PROC-H157,1
EV-H157-02,work_orders,WO-H157,inspected,authorized,2026-06-28T08:25:42.857143Z,Operador demo,PROC-H157,1
EV-H157-03,work_orders,WO-H157,authorized,scheduled,2026-06-28T10:08:34.285714Z,Operador demo,PROC-H157,1
EV-H157-04,work_orders,WO-H157,scheduled,in_service,2026-06-28T11:51:25.714286Z,Operador demo,PROC-H157,1
EV-H157-05,work_orders,WO-H157,in_service,quality_check,2026-06-28T13:34:17.142857Z,Operador demo,PROC-H157,1
EV-H157-06,work_orders,WO-H157,quality_check,ready,2026-06-28T15:17:08.571429Z,Operador demo,PROC-H157,1
EV-H157-07,work_orders,WO-H157,ready,delivered,2026-06-28T17:00:00Z,Operador demo,PROC-H157,1
EV-H158-00,work_orders,WO-H158,initial,received,2026-06-27T16:00:00Z,Operador demo,PROC-H158,1
EV-H158-01,work_orders,WO-H158,received,inspected,2026-06-27T18:00:00Z,Operador demo,PROC-H158,1
EV-H158-02,work_orders,WO-H158,inspected,authorized,2026-06-27T20:00:00Z,Operador demo,PROC-H158,1
EV-H158-03,work_orders,WO-H158,authorized,scheduled,2026-06-27T22:00:00Z,Operador demo,PROC-H158,1
EV-H158-04,work_orders,WO-H158,scheduled,in_service,2026-06-28T00:00:00Z,Operador demo,PROC-H158,1
EV-H158-05,work_orders,WO-H158,in_service,quality_check,2026-06-28T02:00:00Z,Operador demo,PROC-H158,1
EV-H158-06,work_orders,WO-H158,quality_check,ready,2026-06-28T04:00:00Z,Operador demo,PROC-H158,1
EV-H158-07,work_orders,WO-H158,ready,delivered,2026-06-28T06:00:00Z,Operador demo,PROC-H158,1
EV-H159-00,work_orders,WO-H159,initial,received,2026-06-27T03:00:00Z,Operador demo,PROC-H159,1
EV-H159-01,work_orders,WO-H159,received,inspected,2026-06-27T05:17:08.571429Z,Operador demo,PROC-H159,1
EV-H159-02,work_orders,WO-H159,inspected,authorized,2026-06-27T07:34:17.142857Z,Operador demo,PROC-H159,1
EV-H159-03,work_orders,WO-H159,authorized,scheduled,2026-06-27T09:51:25.714286Z,Operador demo,PROC-H159,1
EV-H159-04,work_orders,WO-H159,scheduled,in_service,2026-06-27T12:08:34.285714Z,Operador demo,PROC-H159,1
EV-H159-05,work_orders,WO-H159,in_service,quality_check,2026-06-27T14:25:42.857143Z,Operador demo,PROC-H159,1
EV-H159-06,work_orders,WO-H159,quality_check,ready,2026-06-27T16:42:51.428571Z,Operador demo,PROC-H159,1
EV-H159-07,work_orders,WO-H159,ready,delivered,2026-06-27T19:00:00Z,Operador demo,PROC-H159,1
EV-H160-00,work_orders,WO-H160,initial,received,2026-06-26T14:00:00Z,Operador demo,PROC-H160,1
EV-H160-01,work_orders,WO-H160,received,inspected,2026-06-26T15:38:10.909091Z,Operador demo,PROC-H160,1
EV-H160-02,work_orders,WO-H160,inspected,authorized,2026-06-26T17:16:21.818182Z,Operador demo,PROC-H160,1
EV-H160-03,work_orders,WO-H160,authorized,waiting_parts,2026-06-26T18:54:32.727273Z,Operador demo,PROC-H160,1
EV-H160-04,work_orders,WO-H160,waiting_parts,scheduled,2026-06-26T20:32:43.636364Z,Operador demo,PROC-H160,1
EV-H160-05,work_orders,WO-H160,scheduled,in_service,2026-06-26T22:10:54.545455Z,Operador demo,PROC-H160,1
EV-H160-06,work_orders,WO-H160,in_service,quality_check,2026-06-26T23:49:05.454545Z,Operador demo,PROC-H160,1
EV-H160-07,work_orders,WO-H160,quality_check,rework,2026-06-27T01:27:16.363636Z,Operador demo,PROC-H160,1
EV-H160-08,work_orders,WO-H160,rework,in_service,2026-06-27T03:05:27.272727Z,Operador demo,PROC-H160,1
EV-H160-09,work_orders,WO-H160,in_service,quality_check,2026-06-27T04:43:38.181818Z,Operador demo,PROC-H160,1
EV-H160-10,work_orders,WO-H160,quality_check,ready,2026-06-27T06:21:49.090909Z,Operador demo,PROC-H160,1
EV-H160-11,work_orders,WO-H160,ready,delivered,2026-06-27T08:00:00Z,Operador demo,PROC-H160,1
